2000,1,0.057,,,,,,,,,,,,,,,,,,,
2000,1,0.059,,,MEDIE,,,,,,,,,,,,,,,,
2000,1,0.064,,,,1 THREAD,2 THREAD,3 THREAD,4 THREAD,5 THREAD,6 THREAD,7 THREAD,8 THREAD,9 THREAD,10 THREAD,11 THREAD,12 THREAD,13 THREAD,14 THREAD,15 THREAD,16 THREAD
2000,1,0.056,,,2000,0.062542857,0.055942857,0.042457143,0.058142857,0.037,0.0388,0.038742857,0.040885714,0.041542857,0.042885714,0.045885714,0.044428571,0.044828571,0.045,0.0464,0.048914286
2000,1,0.059,,,20000,0.557285714,0.431485714,0.272,0.235857143,0.197171429,0.177942857,0.165314286,0.153571429,0.189714286,0.187285714,0.1972,0.174171429,0.170028571,0.164857143,0.1624,0.161114286
2000,1,0.066,,,200000,5.763971429,3.353028571,2.593228571,1.938514286,1.745171429,1.489314286,1.3142,1.214885714,1.7312,1.665171429,1.565685714,1.469228571,1.384057143,1.303285714,1.246685714,1.245628571
2000,1,0.06,,,2000000,56.31305714,33.16108571,25.01785714,18.371,16.10522857,13.84948571,12.6198,12.2196,13.1076,13.04368571,12.67568571,12.82454286,12.64602857,12.59928571,12.53997143,12.77268571
2000,1,0.06,,,,,,,,,,,,,,,,,,,
2000,1,0.068,,,SPEED UP,,,,,,,,,,,,,,,,
2000,1,0.068,,,2000,1,1.117977528,1.4730821,1.075675676,1.69034749,1.611929308,1.614306785,1.529699511,1.505502063,1.458361093,1.363013699,1.407717042,1.39515615,1.38984127,1.347906404,1.278621495
2000,1,0.062,,,20000,1,1.291550788,2.048844538,2.362810418,2.826401971,3.131824021,3.371068095,3.628837209,2.9375,2.975591152,2.825992466,3.199639108,3.277600403,3.380415945,3.43156228,3.458946622
2000,1,0.071,,,200000,1,1.719034391,2.22270088,2.973396416,3.302811021,3.870218317,4.385916473,4.744455681,3.329465936,3.461488307,3.681435793,3.923127783,4.164547294,4.422646059,4.623435853,4.627359681
2000,1,0.064,,,2000000,1,1.69816687,2.25091449,3.065323452,3.496569881,4.066075687,4.462278098,4.608420664,4.296214192,4.317265716,4.442604401,4.391038166,4.453023083,4.469543625,4.490684645,4.408865794
2000,1,0.067,,,,,,,,,,,,,,,,,,,
2000,1,0.067,,,,,,,,,,,,,,,,,,,
2000,1,0.071,,,,,,,,,,,,,,,,,,,
2000,1,0.078,,,,,,,,,,,,,,,,,,,
2000,1,0.061,,,,,,,,,,,,,,,,,,,
2000,1,0.062,,,,,,,,,,,,,,,,,,,
2000,1,0.061,,,,,,,,,,,,,,,,,,,
2000,1,0.062,,,,,,,,,,,,,,,,,,,
2000,1,0.06,,,,,,,,,,,,,,,,,,,
2000,1,0.057,,,,,,,,,,,,,,,,,,,
2000,1,0.057,,,,,,,,,,,,,,,,,,,
2000,1,0.056,,,,,,,,,,,,,,,,,,,
2000,1,0.065,,,,,,,,,,,,,,,,,,,
2000,1,0.06,,,,,,,,,,,,,,,,,,,
2000,1,0.057,,,,,,,,,,,,,,,,,,,
2000,1,0.098,,,,,,,,,,,,,,,,,,,
2000,1,0.055,,,,,,,,,,,,,,,,,,,
2000,1,0.054,,,,,,,,,,,,,,,,,,,
2000,1,0.061,,,,,,,,,,,,,,,,,,,
2000,1,0.057,,,,,,,,,,,,,,,,,,,
2000,1,0.054,,,,,,,,,,,,,,,,,,,
2000,1,0.055,,,,,,,,,,,,,,,,,,,
20000,1,0.541,,,,,,,,,,,,,,,,,,,
20000,1,0.565,,,,,,,,,,,,,,,,,,,
20000,1,0.53,,,,,,,,,,,,,,,,,,,
20000,1,0.553,,,,,,,,,,,,,,,,,,,
20000,1,0.609,,,,,,,,,,,,,,,,,,,
20000,1,0.598,,,,,,,,,,,,,,,,,,,
20000,1,0.598,,,,,,,,,,,,,,,,,,,
20000,1,0.545,,,,,,,,,,,,,,,,,,,
20000,1,0.562,,,,,,,,,,,,,,,,,,,
20000,1,0.531,,,,,,,,,,,,,,,,,,,
20000,1,0.535,,,,,,,,,,,,,,,,,,,
20000,1,0.589,,,,,,,,,,,,,,,,,,,
20000,1,0.62,,,,,,,,,,,,,,,,,,,
20000,1,0.535,,,,,,,,,,,,,,,,,,,
20000,1,0.532,,,,,,,,,,,,,,,,,,,
20000,1,0.534,,,,,,,,,,,,,,,,,,,
20000,1,0.535,,,,,,,,,,,,,,,,,,,
20000,1,0.524,,,,,,,,,,,,,,,,,,,
20000,1,0.531,,,,,,,,,,,,,,,,,,,
20000,1,0.645,,,,,,,,,,,,,,,,,,,
20000,1,0.564,,,,,,,,,,,,,,,,,,,
20000,1,0.524,,,,,,,,,,,,,,,,,,,
20000,1,0.547,,,,,,,,,,,,,,,,,,,
20000,1,0.54,,,,,,,,,,,,,,,,,,,
20000,1,0.524,,,,,,,,,,,,,,,,,,,
20000,1,0.52,,,,,,,,,,,,,,,,,,,
20000,1,0.526,,,,,,,,,,,,,,,,,,,
20000,1,0.736,,,,,,,,,,,,,,,,,,,
20000,1,0.606,,,,,,,,,,,,,,,,,,,
20000,1,0.545,,,,,,,,,,,,,,,,,,,
20000,1,0.542,,,,,,,,,,,,,,,,,,,
20000,1,0.533,,,,,,,,,,,,,,,,,,,
20000,1,0.535,,,,,,,,,,,,,,,,,,,
20000,1,0.528,,,,,,,,,,,,,,,,,,,
20000,1,0.523,,,,,,,,,,,,,,,,,,,
200000,1,5.516,,,,,,,,,,,,,,,,,,,
200000,1,5.473,,,,,,,,,,,,,,,,,,,
200000,1,5.491,,,,,,,,,,,,,,,,,,,
200000,1,5.343,,,,,,,,,,,,,,,,,,,
200000,1,5.446,,,,,,,,,,,,,,,,,,,
200000,1,5.494,,,,,,,,,,,,,,,,,,,
200000,1,5.523,,,,,,,,,,,,,,,,,,,
200000,1,5.63,,,,,,,,,,,,,,,,,,,
200000,1,5.507,,,,,,,,,,,,,,,,,,,
200000,1,5.455,,,,,,,,,,,,,,,,,,,
200000,1,5.46,,,,,,,,,,,,,,,,,,,
200000,1,5.43,,,,,,,,,,,,,,,,,,,
200000,1,5.52,,,,,,,,,,,,,,,,,,,
200000,1,5.502,,,,,,,,,,,,,,,,,,,
200000,1,5.427,,,,,,,,,,,,,,,,,,,
200000,1,5.724,,,,,,,,,,,,,,,,,,,
200000,1,5.539,,,,,,,,,,,,,,,,,,,
200000,1,5.407,,,,,,,,,,,,,,,,,,,
200000,1,5.493,,,,,,,,,,,,,,,,,,,
200000,1,5.441,,,,,,,,,,,,,,,,,,,
200000,1,5.522,,,,,,,,,,,,,,,,,,,
200000,1,5.577,,,,,,,,,,,,,,,,,,,
200000,1,5.465,,,,,,,,,,,,,,,,,,,
200000,1,5.545,,,,,,,,,,,,,,,,,,,
200000,1,5.421,,,,,,,,,,,,,,,,,,,
200000,1,5.505,,,,,,,,,,,,,,,,,,,
200000,1,5.537,,,,,,,,,,,,,,,,,,,
200000,1,5.835,,,,,,,,,,,,,,,,,,,
200000,1,7.516,,,,,,,,,,,,,,,,,,,
200000,1,6.429,,,,,,,,,,,,,,,,,,,
200000,1,7.165,,,,,,,,,,,,,,,,,,,
200000,1,6.683,,,,,,,,,,,,,,,,,,,
200000,1,6.088,,,,,,,,,,,,,,,,,,,
200000,1,6.793,,,,,,,,,,,,,,,,,,,
200000,1,6.837,,,,,,,,,,,,,,,,,,,
2000000,1,69.829,,,,,,,,,,,,,,,,,,,
2000000,1,75.58,,,,,,,,,,,,,,,,,,,
2000000,1,63.737,,,,,,,,,,,,,,,,,,,
2000000,1,64.534,,,,,,,,,,,,,,,,,,,
2000000,1,62.934,,,,,,,,,,,,,,,,,,,
2000000,1,64.927,,,,,,,,,,,,,,,,,,,
2000000,1,64.684,,,,,,,,,,,,,,,,,,,
2000000,1,61.375,,,,,,,,,,,,,,,,,,,
2000000,1,60.265,,,,,,,,,,,,,,,,,,,
2000000,1,53.715,,,,,,,,,,,,,,,,,,,
2000000,1,52.907,,,,,,,,,,,,,,,,,,,
2000000,1,53.142,,,,,,,,,,,,,,,,,,,
2000000,1,53.059,,,,,,,,,,,,,,,,,,,
2000000,1,52.803,,,,,,,,,,,,,,,,,,,
2000000,1,53.25,,,,,,,,,,,,,,,,,,,
2000000,1,53.263,,,,,,,,,,,,,,,,,,,
2000000,1,53.274,,,,,,,,,,,,,,,,,,,
2000000,1,52.961,,,,,,,,,,,,,,,,,,,
2000000,1,52.703,,,,,,,,,,,,,,,,,,,
2000000,1,52.429,,,,,,,,,,,,,,,,,,,
2000000,1,52.839,,,,,,,,,,,,,,,,,,,
2000000,1,52.593,,,,,,,,,,,,,,,,,,,
2000000,1,52.895,,,,,,,,,,,,,,,,,,,
2000000,1,52.567,,,,,,,,,,,,,,,,,,,
2000000,1,52.869,,,,,,,,,,,,,,,,,,,
2000000,1,53.004,,,,,,,,,,,,,,,,,,,
2000000,1,52.808,,,,,,,,,,,,,,,,,,,
2000000,1,53.011,,,,,,,,,,,,,,,,,,,
2000000,1,55.104,,,,,,,,,,,,,,,,,,,
2000000,1,52.767,,,,,,,,,,,,,,,,,,,
2000000,1,52.624,,,,,,,,,,,,,,,,,,,
2000000,1,52.681,,,,,,,,,,,,,,,,,,,
2000000,1,52.785,,,,,,,,,,,,,,,,,,,
2000000,1,52.715,,,,,,,,,,,,,,,,,,,
2000000,1,58.324,,,,,,,,,,,,,,,,,,,
2000,2,0.065,,,,,,,,,,,,,,,,,,,
2000,2,0.055,,,,,,,,,,,,,,,,,,,
2000,2,0.054,,,,,,,,,,,,,,,,,,,
2000,2,0.056,,,,,,,,,,,,,,,,,,,
2000,2,0.05,,,,,,,,,,,,,,,,,,,
2000,2,0.054,,,,,,,,,,,,,,,,,,,
2000,2,0.051,,,,,,,,,,,,,,,,,,,
2000,2,0.055,,,,,,,,,,,,,,,,,,,
2000,2,0.056,,,,,,,,,,,,,,,,,,,
2000,2,0.055,,,,,,,,,,,,,,,,,,,
2000,2,0.055,,,,,,,,,,,,,,,,,,,
2000,2,0.055,,,,,,,,,,,,,,,,,,,
2000,2,0.109,,,,,,,,,,,,,,,,,,,
2000,2,0.059,,,,,,,,,,,,,,,,,,,
2000,2,0.061,,,,,,,,,,,,,,,,,,,
2000,2,0.059,,,,,,,,,,,,,,,,,,,
2000,2,0.058,,,,,,,,,,,,,,,,,,,
2000,2,0.057,,,,,,,,,,,,,,,,,,,
2000,2,0.052,,,,,,,,,,,,,,,,,,,
2000,2,0.052,,,,,,,,,,,,,,,,,,,
2000,2,0.051,,,,,,,,,,,,,,,,,,,
2000,2,0.052,,,,,,,,,,,,,,,,,,,
2000,2,0.049,,,,,,,,,,,,,,,,,,,
2000,2,0.054,,,,,,,,,,,,,,,,,,,
2000,2,0.053,,,,,,,,,,,,,,,,,,,
2000,2,0.053,,,,,,,,,,,,,,,,,,,
2000,2,0.052,,,,,,,,,,,,,,,,,,,
2000,2,0.053,,,,,,,,,,,,,,,,,,,
2000,2,0.053,,,,,,,,,,,,,,,,,,,
2000,2,0.053,,,,,,,,,,,,,,,,,,,
2000,2,0.055,,,,,,,,,,,,,,,,,,,
2000,2,0.052,,,,,,,,,,,,,,,,,,,
2000,2,0.051,,,,,,,,,,,,,,,,,,,
2000,2,0.054,,,,,,,,,,,,,,,,,,,
2000,2,0.055,,,,,,,,,,,,,,,,,,,
20000,2,0.424,,,,,,,,,,,,,,,,,,,
20000,2,0.421,,,,,,,,,,,,,,,,,,,
20000,2,0.411,,,,,,,,,,,,,,,,,,,
20000,2,0.422,,,,,,,,,,,,,,,,,,,
20000,2,0.397,,,,,,,,,,,,,,,,,,,
20000,2,0.412,,,,,,,,,,,,,,,,,,,
20000,2,0.409,,,,,,,,,,,,,,,,,,,
20000,2,0.435,,,,,,,,,,,,,,,,,,,
20000,2,0.425,,,,,,,,,,,,,,,,,,,
20000,2,0.433,,,,,,,,,,,,,,,,,,,
20000,2,0.433,,,,,,,,,,,,,,,,,,,
20000,2,0.458,,,,,,,,,,,,,,,,,,,
20000,2,0.516,,,,,,,,,,,,,,,,,,,
20000,2,0.447,,,,,,,,,,,,,,,,,,,
20000,2,0.42,,,,,,,,,,,,,,,,,,,
20000,2,0.51,,,,,,,,,,,,,,,,,,,
20000,2,0.43,,,,,,,,,,,,,,,,,,,
20000,2,0.461,,,,,,,,,,,,,,,,,,,
20000,2,0.451,,,,,,,,,,,,,,,,,,,
20000,2,0.491,,,,,,,,,,,,,,,,,,,
20000,2,0.445,,,,,,,,,,,,,,,,,,,
20000,2,0.421,,,,,,,,,,,,,,,,,,,
20000,2,0.39,,,,,,,,,,,,,,,,,,,
20000,2,0.402,,,,,,,,,,,,,,,,,,,
20000,2,0.436,,,,,,,,,,,,,,,,,,,
20000,2,0.413,,,,,,,,,,,,,,,,,,,
20000,2,0.389,,,,,,,,,,,,,,,,,,,
20000,2,0.434,,,,,,,,,,,,,,,,,,,
20000,2,0.428,,,,,,,,,,,,,,,,,,,
20000,2,0.425,,,,,,,,,,,,,,,,,,,
20000,2,0.407,,,,,,,,,,,,,,,,,,,
20000,2,0.42,,,,,,,,,,,,,,,,,,,
20000,2,0.44,,,,,,,,,,,,,,,,,,,
20000,2,0.418,,,,,,,,,,,,,,,,,,,
20000,2,0.428,,,,,,,,,,,,,,,,,,,
200000,2,3.42,,,,,,,,,,,,,,,,,,,
200000,2,3.751,,,,,,,,,,,,,,,,,,,
200000,2,3.393,,,,,,,,,,,,,,,,,,,
200000,2,3.148,,,,,,,,,,,,,,,,,,,
200000,2,3.718,,,,,,,,,,,,,,,,,,,
200000,2,3.513,,,,,,,,,,,,,,,,,,,
200000,2,3.622,,,,,,,,,,,,,,,,,,,
200000,2,3.637,,,,,,,,,,,,,,,,,,,
200000,2,3.257,,,,,,,,,,,,,,,,,,,
200000,2,3.269,,,,,,,,,,,,,,,,,,,
200000,2,3.266,,,,,,,,,,,,,,,,,,,
200000,2,3.425,,,,,,,,,,,,,,,,,,,
200000,2,3.378,,,,,,,,,,,,,,,,,,,
200000,2,3.389,,,,,,,,,,,,,,,,,,,
200000,2,3.262,,,,,,,,,,,,,,,,,,,
200000,2,3.519,,,,,,,,,,,,,,,,,,,
200000,2,3.281,,,,,,,,,,,,,,,,,,,
200000,2,3.435,,,,,,,,,,,,,,,,,,,
200000,2,3.498,,,,,,,,,,,,,,,,,,,
200000,2,3.452,,,,,,,,,,,,,,,,,,,
200000,2,3.32,,,,,,,,,,,,,,,,,,,
200000,2,3.651,,,,,,,,,,,,,,,,,,,
200000,2,3.268,,,,,,,,,,,,,,,,,,,
200000,2,3.853,,,,,,,,,,,,,,,,,,,
200000,2,3.095,,,,,,,,,,,,,,,,,,,
200000,2,3.161,,,,,,,,,,,,,,,,,,,
200000,2,3.171,,,,,,,,,,,,,,,,,,,
200000,2,3.245,,,,,,,,,,,,,,,,,,,
200000,2,3.118,,,,,,,,,,,,,,,,,,,
200000,2,3.125,,,,,,,,,,,,,,,,,,,
200000,2,3.177,,,,,,,,,,,,,,,,,,,
200000,2,3.113,,,,,,,,,,,,,,,,,,,
200000,2,3.144,,,,,,,,,,,,,,,,,,,
200000,2,3.204,,,,,,,,,,,,,,,,,,,
200000,2,3.078,,,,,,,,,,,,,,,,,,,
2000000,2,30.441,,,,,,,,,,,,,,,,,,,
2000000,2,30.29,,,,,,,,,,,,,,,,,,,
2000000,2,30.371,,,,,,,,,,,,,,,,,,,
2000000,2,30.774,,,,,,,,,,,,,,,,,,,
2000000,2,29.884,,,,,,,,,,,,,,,,,,,
2000000,2,30.067,,,,,,,,,,,,,,,,,,,
2000000,2,33.622,,,,,,,,,,,,,,,,,,,
2000000,2,33.394,,,,,,,,,,,,,,,,,,,
2000000,2,33.334,,,,,,,,,,,,,,,,,,,
2000000,2,33.253,,,,,,,,,,,,,,,,,,,
2000000,2,33.459,,,,,,,,,,,,,,,,,,,
2000000,2,33.373,,,,,,,,,,,,,,,,,,,
2000000,2,33.18,,,,,,,,,,,,,,,,,,,
2000000,2,33.4,,,,,,,,,,,,,,,,,,,
2000000,2,33.219,,,,,,,,,,,,,,,,,,,
2000000,2,33.313,,,,,,,,,,,,,,,,,,,
2000000,2,33.176,,,,,,,,,,,,,,,,,,,
2000000,2,33.224,,,,,,,,,,,,,,,,,,,
2000000,2,33.133,,,,,,,,,,,,,,,,,,,
2000000,2,33.665,,,,,,,,,,,,,,,,,,,
2000000,2,33.199,,,,,,,,,,,,,,,,,,,
2000000,2,33.808,,,,,,,,,,,,,,,,,,,
2000000,2,33.064,,,,,,,,,,,,,,,,,,,
2000000,2,33.495,,,,,,,,,,,,,,,,,,,
2000000,2,33.263,,,,,,,,,,,,,,,,,,,
2000000,2,36.05,,,,,,,,,,,,,,,,,,,
2000000,2,35.953,,,,,,,,,,,,,,,,,,,
2000000,2,37.437,,,,,,,,,,,,,,,,,,,
2000000,2,36.054,,,,,,,,,,,,,,,,,,,
2000000,2,33.296,,,,,,,,,,,,,,,,,,,
2000000,2,33.408,,,,,,,,,,,,,,,,,,,
2000000,2,33.27,,,,,,,,,,,,,,,,,,,
2000000,2,33.343,,,,,,,,,,,,,,,,,,,
2000000,2,33.224,,,,,,,,,,,,,,,,,,,
2000000,2,33.202,,,,,,,,,,,,,,,,,,,
2000,3,0.043,,,,,,,,,,,,,,,,,,,
2000,3,0.042,,,,,,,,,,,,,,,,,,,
2000,3,0.042,,,,,,,,,,,,,,,,,,,
2000,3,0.043,,,,,,,,,,,,,,,,,,,
2000,3,0.042,,,,,,,,,,,,,,,,,,,
2000,3,0.042,,,,,,,,,,,,,,,,,,,
2000,3,0.042,,,,,,,,,,,,,,,,,,,
2000,3,0.042,,,,,,,,,,,,,,,,,,,
2000,3,0.042,,,,,,,,,,,,,,,,,,,
2000,3,0.044,,,,,,,,,,,,,,,,,,,
2000,3,0.04,,,,,,,,,,,,,,,,,,,
2000,3,0.041,,,,,,,,,,,,,,,,,,,
2000,3,0.042,,,,,,,,,,,,,,,,,,,
2000,3,0.045,,,,,,,,,,,,,,,,,,,
2000,3,0.043,,,,,,,,,,,,,,,,,,,
2000,3,0.045,,,,,,,,,,,,,,,,,,,
2000,3,0.041,,,,,,,,,,,,,,,,,,,
2000,3,0.042,,,,,,,,,,,,,,,,,,,
2000,3,0.045,,,,,,,,,,,,,,,,,,,
2000,3,0.042,,,,,,,,,,,,,,,,,,,
2000,3,0.041,,,,,,,,,,,,,,,,,,,
2000,3,0.042,,,,,,,,,,,,,,,,,,,
2000,3,0.041,,,,,,,,,,,,,,,,,,,
2000,3,0.042,,,,,,,,,,,,,,,,,,,
2000,3,0.043,,,,,,,,,,,,,,,,,,,
2000,3,0.042,,,,,,,,,,,,,,,,,,,
2000,3,0.041,,,,,,,,,,,,,,,,,,,
2000,3,0.042,,,,,,,,,,,,,,,,,,,
2000,3,0.042,,,,,,,,,,,,,,,,,,,
2000,3,0.042,,,,,,,,,,,,,,,,,,,
2000,3,0.046,,,,,,,,,,,,,,,,,,,
2000,3,0.042,,,,,,,,,,,,,,,,,,,
2000,3,0.045,,,,,,,,,,,,,,,,,,,
2000,3,0.042,,,,,,,,,,,,,,,,,,,
2000,3,0.043,,,,,,,,,,,,,,,,,,,
20000,3,0.28,,,,,,,,,,,,,,,,,,,
20000,3,0.282,,,,,,,,,,,,,,,,,,,
20000,3,0.274,,,,,,,,,,,,,,,,,,,
20000,3,0.269,,,,,,,,,,,,,,,,,,,
20000,3,0.264,,,,,,,,,,,,,,,,,,,
20000,3,0.261,,,,,,,,,,,,,,,,,,,
20000,3,0.255,,,,,,,,,,,,,,,,,,,
20000,3,0.261,,,,,,,,,,,,,,,,,,,
20000,3,0.266,,,,,,,,,,,,,,,,,,,
20000,3,0.264,,,,,,,,,,,,,,,,,,,
20000,3,0.264,,,,,,,,,,,,,,,,,,,
20000,3,0.264,,,,,,,,,,,,,,,,,,,
20000,3,0.267,,,,,,,,,,,,,,,,,,,
20000,3,0.281,,,,,,,,,,,,,,,,,,,
20000,3,0.296,,,,,,,,,,,,,,,,,,,
20000,3,0.28,,,,,,,,,,,,,,,,,,,
20000,3,0.279,,,,,,,,,,,,,,,,,,,
20000,3,0.274,,,,,,,,,,,,,,,,,,,
20000,3,0.272,,,,,,,,,,,,,,,,,,,
20000,3,0.26,,,,,,,,,,,,,,,,,,,
20000,3,0.268,,,,,,,,,,,,,,,,,,,
20000,3,0.267,,,,,,,,,,,,,,,,,,,
20000,3,0.287,,,,,,,,,,,,,,,,,,,
20000,3,0.281,,,,,,,,,,,,,,,,,,,
20000,3,0.281,,,,,,,,,,,,,,,,,,,
20000,3,0.28,,,,,,,,,,,,,,,,,,,
20000,3,0.283,,,,,,,,,,,,,,,,,,,
20000,3,0.267,,,,,,,,,,,,,,,,,,,
20000,3,0.255,,,,,,,,,,,,,,,,,,,
20000,3,0.261,,,,,,,,,,,,,,,,,,,
20000,3,0.268,,,,,,,,,,,,,,,,,,,
20000,3,0.28,,,,,,,,,,,,,,,,,,,
20000,3,0.279,,,,,,,,,,,,,,,,,,,
20000,3,0.275,,,,,,,,,,,,,,,,,,,
20000,3,0.275,,,,,,,,,,,,,,,,,,,
200000,3,2.618,,,,,,,,,,,,,,,,,,,
200000,3,2.59,,,,,,,,,,,,,,,,,,,
200000,3,2.605,,,,,,,,,,,,,,,,,,,
200000,3,2.609,,,,,,,,,,,,,,,,,,,
200000,3,2.569,,,,,,,,,,,,,,,,,,,
200000,3,2.564,,,,,,,,,,,,,,,,,,,
200000,3,2.637,,,,,,,,,,,,,,,,,,,
200000,3,2.568,,,,,,,,,,,,,,,,,,,
200000,3,2.528,,,,,,,,,,,,,,,,,,,
200000,3,2.619,,,,,,,,,,,,,,,,,,,
200000,3,2.57,,,,,,,,,,,,,,,,,,,
200000,3,2.553,,,,,,,,,,,,,,,,,,,
200000,3,2.608,,,,,,,,,,,,,,,,,,,
200000,3,2.599,,,,,,,,,,,,,,,,,,,
200000,3,2.644,,,,,,,,,,,,,,,,,,,
200000,3,2.597,,,,,,,,,,,,,,,,,,,
200000,3,2.539,,,,,,,,,,,,,,,,,,,
200000,3,2.534,,,,,,,,,,,,,,,,,,,
200000,3,2.62,,,,,,,,,,,,,,,,,,,
200000,3,2.582,,,,,,,,,,,,,,,,,,,
200000,3,2.557,,,,,,,,,,,,,,,,,,,
200000,3,2.628,,,,,,,,,,,,,,,,,,,
200000,3,2.593,,,,,,,,,,,,,,,,,,,
200000,3,2.552,,,,,,,,,,,,,,,,,,,
200000,3,2.635,,,,,,,,,,,,,,,,,,,
200000,3,2.58,,,,,,,,,,,,,,,,,,,
200000,3,2.61,,,,,,,,,,,,,,,,,,,
200000,3,2.651,,,,,,,,,,,,,,,,,,,
200000,3,2.587,,,,,,,,,,,,,,,,,,,
200000,3,2.564,,,,,,,,,,,,,,,,,,,
200000,3,2.617,,,,,,,,,,,,,,,,,,,
200000,3,2.589,,,,,,,,,,,,,,,,,,,
200000,3,2.601,,,,,,,,,,,,,,,,,,,
200000,3,2.657,,,,,,,,,,,,,,,,,,,
200000,3,2.589,,,,,,,,,,,,,,,,,,,
2000000,3,24.935,,,,,,,,,,,,,,,,,,,
2000000,3,24.969,,,,,,,,,,,,,,,,,,,
2000000,3,24.998,,,,,,,,,,,,,,,,,,,
2000000,3,24.944,,,,,,,,,,,,,,,,,,,
2000000,3,24.925,,,,,,,,,,,,,,,,,,,
2000000,3,25.118,,,,,,,,,,,,,,,,,,,
2000000,3,24.954,,,,,,,,,,,,,,,,,,,
2000000,3,25.054,,,,,,,,,,,,,,,,,,,
2000000,3,25.23,,,,,,,,,,,,,,,,,,,
2000000,3,25.154,,,,,,,,,,,,,,,,,,,
2000000,3,25.357,,,,,,,,,,,,,,,,,,,
2000000,3,25.801,,,,,,,,,,,,,,,,,,,
2000000,3,25.07,,,,,,,,,,,,,,,,,,,
2000000,3,25.066,,,,,,,,,,,,,,,,,,,
2000000,3,24.939,,,,,,,,,,,,,,,,,,,
2000000,3,25.332,,,,,,,,,,,,,,,,,,,
2000000,3,24.756,,,,,,,,,,,,,,,,,,,
2000000,3,24.941,,,,,,,,,,,,,,,,,,,
2000000,3,24.735,,,,,,,,,,,,,,,,,,,
2000000,3,25,,,,,,,,,,,,,,,,,,,
2000000,3,25.155,,,,,,,,,,,,,,,,,,,
2000000,3,24.859,,,,,,,,,,,,,,,,,,,
2000000,3,25.219,,,,,,,,,,,,,,,,,,,
2000000,3,25.065,,,,,,,,,,,,,,,,,,,
2000000,3,24.912,,,,,,,,,,,,,,,,,,,
2000000,3,24.876,,,,,,,,,,,,,,,,,,,
2000000,3,24.881,,,,,,,,,,,,,,,,,,,
2000000,3,25.141,,,,,,,,,,,,,,,,,,,
2000000,3,24.713,,,,,,,,,,,,,,,,,,,
2000000,3,25.254,,,,,,,,,,,,,,,,,,,
2000000,3,25.071,,,,,,,,,,,,,,,,,,,
2000000,3,25.015,,,,,,,,,,,,,,,,,,,
2000000,3,25.068,,,,,,,,,,,,,,,,,,,
2000000,3,25.408,,,,,,,,,,,,,,,,,,,
2000000,3,23.71,,,,,,,,,,,,,,,,,,,
2000,4,0.058,,,,,,,,,,,,,,,,,,,
2000,4,0.057,,,,,,,,,,,,,,,,,,,
2000,4,0.057,,,,,,,,,,,,,,,,,,,
2000,4,0.057,,,,,,,,,,,,,,,,,,,
2000,4,0.057,,,,,,,,,,,,,,,,,,,
2000,4,0.056,,,,,,,,,,,,,,,,,,,
2000,4,0.055,,,,,,,,,,,,,,,,,,,
2000,4,0.057,,,,,,,,,,,,,,,,,,,
2000,4,0.057,,,,,,,,,,,,,,,,,,,
2000,4,0.057,,,,,,,,,,,,,,,,,,,
2000,4,0.058,,,,,,,,,,,,,,,,,,,
2000,4,0.058,,,,,,,,,,,,,,,,,,,
2000,4,0.055,,,,,,,,,,,,,,,,,,,
2000,4,0.058,,,,,,,,,,,,,,,,,,,
2000,4,0.057,,,,,,,,,,,,,,,,,,,
2000,4,0.058,,,,,,,,,,,,,,,,,,,
2000,4,0.058,,,,,,,,,,,,,,,,,,,
2000,4,0.058,,,,,,,,,,,,,,,,,,,
2000,4,0.057,,,,,,,,,,,,,,,,,,,
2000,4,0.057,,,,,,,,,,,,,,,,,,,
2000,4,0.056,,,,,,,,,,,,,,,,,,,
2000,4,0.056,,,,,,,,,,,,,,,,,,,
2000,4,0.098,,,,,,,,,,,,,,,,,,,
2000,4,0.057,,,,,,,,,,,,,,,,,,,
2000,4,0.057,,,,,,,,,,,,,,,,,,,
2000,4,0.057,,,,,,,,,,,,,,,,,,,
2000,4,0.057,,,,,,,,,,,,,,,,,,,
2000,4,0.054,,,,,,,,,,,,,,,,,,,
2000,4,0.057,,,,,,,,,,,,,,,,,,,
2000,4,0.056,,,,,,,,,,,,,,,,,,,
2000,4,0.059,,,,,,,,,,,,,,,,,,,
2000,4,0.058,,,,,,,,,,,,,,,,,,,
2000,4,0.057,,,,,,,,,,,,,,,,,,,
2000,4,0.056,,,,,,,,,,,,,,,,,,,
2000,4,0.058,,,,,,,,,,,,,,,,,,,
20000,4,0.234,,,,,,,,,,,,,,,,,,,
20000,4,0.236,,,,,,,,,,,,,,,,,,,
20000,4,0.235,,,,,,,,,,,,,,,,,,,
20000,4,0.236,,,,,,,,,,,,,,,,,,,
20000,4,0.238,,,,,,,,,,,,,,,,,,,
20000,4,0.236,,,,,,,,,,,,,,,,,,,
20000,4,0.235,,,,,,,,,,,,,,,,,,,
20000,4,0.238,,,,,,,,,,,,,,,,,,,
20000,4,0.232,,,,,,,,,,,,,,,,,,,
20000,4,0.236,,,,,,,,,,,,,,,,,,,
20000,4,0.238,,,,,,,,,,,,,,,,,,,
20000,4,0.233,,,,,,,,,,,,,,,,,,,
20000,4,0.236,,,,,,,,,,,,,,,,,,,
20000,4,0.236,,,,,,,,,,,,,,,,,,,
20000,4,0.245,,,,,,,,,,,,,,,,,,,
20000,4,0.235,,,,,,,,,,,,,,,,,,,
20000,4,0.23,,,,,,,,,,,,,,,,,,,
20000,4,0.234,,,,,,,,,,,,,,,,,,,
20000,4,0.234,,,,,,,,,,,,,,,,,,,
20000,4,0.234,,,,,,,,,,,,,,,,,,,
20000,4,0.229,,,,,,,,,,,,,,,,,,,
20000,4,0.235,,,,,,,,,,,,,,,,,,,
20000,4,0.238,,,,,,,,,,,,,,,,,,,
20000,4,0.23,,,,,,,,,,,,,,,,,,,
20000,4,0.232,,,,,,,,,,,,,,,,,,,
20000,4,0.252,,,,,,,,,,,,,,,,,,,
20000,4,0.248,,,,,,,,,,,,,,,,,,,
20000,4,0.233,,,,,,,,,,,,,,,,,,,
20000,4,0.232,,,,,,,,,,,,,,,,,,,
20000,4,0.233,,,,,,,,,,,,,,,,,,,
20000,4,0.235,,,,,,,,,,,,,,,,,,,
20000,4,0.237,,,,,,,,,,,,,,,,,,,
20000,4,0.237,,,,,,,,,,,,,,,,,,,
20000,4,0.238,,,,,,,,,,,,,,,,,,,
20000,4,0.235,,,,,,,,,,,,,,,,,,,
200000,4,1.93,,,,,,,,,,,,,,,,,,,
200000,4,1.967,,,,,,,,,,,,,,,,,,,
200000,4,1.997,,,,,,,,,,,,,,,,,,,
200000,4,1.966,,,,,,,,,,,,,,,,,,,
200000,4,1.966,,,,,,,,,,,,,,,,,,,
200000,4,1.971,,,,,,,,,,,,,,,,,,,
200000,4,2.005,,,,,,,,,,,,,,,,,,,
200000,4,1.972,,,,,,,,,,,,,,,,,,,
200000,4,1.974,,,,,,,,,,,,,,,,,,,
200000,4,1.963,,,,,,,,,,,,,,,,,,,
200000,4,1.953,,,,,,,,,,,,,,,,,,,
200000,4,2.025,,,,,,,,,,,,,,,,,,,
200000,4,2,,,,,,,,,,,,,,,,,,,
200000,4,1.927,,,,,,,,,,,,,,,,,,,
200000,4,1.921,,,,,,,,,,,,,,,,,,,
200000,4,1.901,,,,,,,,,,,,,,,,,,,
200000,4,1.9,,,,,,,,,,,,,,,,,,,
200000,4,1.962,,,,,,,,,,,,,,,,,,,
200000,4,1.916,,,,,,,,,,,,,,,,,,,
200000,4,1.922,,,,,,,,,,,,,,,,,,,
200000,4,1.867,,,,,,,,,,,,,,,,,,,
200000,4,1.965,,,,,,,,,,,,,,,,,,,
200000,4,1.918,,,,,,,,,,,,,,,,,,,
200000,4,1.892,,,,,,,,,,,,,,,,,,,
200000,4,1.915,,,,,,,,,,,,,,,,,,,
200000,4,1.946,,,,,,,,,,,,,,,,,,,
200000,4,1.919,,,,,,,,,,,,,,,,,,,
200000,4,1.917,,,,,,,,,,,,,,,,,,,
200000,4,1.905,,,,,,,,,,,,,,,,,,,
200000,4,1.901,,,,,,,,,,,,,,,,,,,
200000,4,1.917,,,,,,,,,,,,,,,,,,,
200000,4,1.9,,,,,,,,,,,,,,,,,,,
200000,4,1.932,,,,,,,,,,,,,,,,,,,
200000,4,1.916,,,,,,,,,,,,,,,,,,,
200000,4,1.9,,,,,,,,,,,,,,,,,,,
2000000,4,18.778,,,,,,,,,,,,,,,,,,,
2000000,4,18.933,,,,,,,,,,,,,,,,,,,
2000000,4,18.781,,,,,,,,,,,,,,,,,,,
2000000,4,18.814,,,,,,,,,,,,,,,,,,,
2000000,4,18.844,,,,,,,,,,,,,,,,,,,
2000000,4,18.873,,,,,,,,,,,,,,,,,,,
2000000,4,18.812,,,,,,,,,,,,,,,,,,,
2000000,4,18.859,,,,,,,,,,,,,,,,,,,
2000000,4,18.839,,,,,,,,,,,,,,,,,,,
2000000,4,18.855,,,,,,,,,,,,,,,,,,,
2000000,4,18.851,,,,,,,,,,,,,,,,,,,
2000000,4,18.717,,,,,,,,,,,,,,,,,,,
2000000,4,18.837,,,,,,,,,,,,,,,,,,,
2000000,4,18.76,,,,,,,,,,,,,,,,,,,
2000000,4,18.846,,,,,,,,,,,,,,,,,,,
2000000,4,18.878,,,,,,,,,,,,,,,,,,,
2000000,4,18.803,,,,,,,,,,,,,,,,,,,
2000000,4,18.825,,,,,,,,,,,,,,,,,,,
2000000,4,18.839,,,,,,,,,,,,,,,,,,,
2000000,4,18.854,,,,,,,,,,,,,,,,,,,
2000000,4,18.829,,,,,,,,,,,,,,,,,,,
2000000,4,18.841,,,,,,,,,,,,,,,,,,,
2000000,4,18.928,,,,,,,,,,,,,,,,,,,
2000000,4,19.058,,,,,,,,,,,,,,,,,,,
2000000,4,19.084,,,,,,,,,,,,,,,,,,,
2000000,4,18.925,,,,,,,,,,,,,,,,,,,
2000000,4,18.869,,,,,,,,,,,,,,,,,,,
2000000,4,18.744,,,,,,,,,,,,,,,,,,,
2000000,4,18.812,,,,,,,,,,,,,,,,,,,
2000000,4,18.804,,,,,,,,,,,,,,,,,,,
2000000,4,18.933,,,,,,,,,,,,,,,,,,,
2000000,4,18.717,,,,,,,,,,,,,,,,,,,
2000000,4,18.762,,,,,,,,,,,,,,,,,,,
2000000,4,18.775,,,,,,,,,,,,,,,,,,,
2000000,4,18.777,,,,,,,,,,,,,,,,,,,
2000,5,0.04,,,,,,,,,,,,,,,,,,,
2000,5,0.038,,,,,,,,,,,,,,,,,,,
2000,5,0.038,,,,,,,,,,,,,,,,,,,
2000,5,0.035,,,,,,,,,,,,,,,,,,,
2000,5,0.036,,,,,,,,,,,,,,,,,,,
2000,5,0.038,,,,,,,,,,,,,,,,,,,
2000,5,0.037,,,,,,,,,,,,,,,,,,,
2000,5,0.036,,,,,,,,,,,,,,,,,,,
2000,5,0.037,,,,,,,,,,,,,,,,,,,
2000,5,0.037,,,,,,,,,,,,,,,,,,,
2000,5,0.038,,,,,,,,,,,,,,,,,,,
2000,5,0.036,,,,,,,,,,,,,,,,,,,
2000,5,0.036,,,,,,,,,,,,,,,,,,,
2000,5,0.038,,,,,,,,,,,,,,,,,,,
2000,5,0.036,,,,,,,,,,,,,,,,,,,
2000,5,0.035,,,,,,,,,,,,,,,,,,,
2000,5,0.036,,,,,,,,,,,,,,,,,,,
2000,5,0.037,,,,,,,,,,,,,,,,,,,
2000,5,0.036,,,,,,,,,,,,,,,,,,,
2000,5,0.036,,,,,,,,,,,,,,,,,,,
2000,5,0.038,,,,,,,,,,,,,,,,,,,
2000,5,0.037,,,,,,,,,,,,,,,,,,,
2000,5,0.038,,,,,,,,,,,,,,,,,,,
2000,5,0.036,,,,,,,,,,,,,,,,,,,
2000,5,0.037,,,,,,,,,,,,,,,,,,,
2000,5,0.037,,,,,,,,,,,,,,,,,,,
2000,5,0.037,,,,,,,,,,,,,,,,,,,
2000,5,0.037,,,,,,,,,,,,,,,,,,,
2000,5,0.04,,,,,,,,,,,,,,,,,,,
2000,5,0.037,,,,,,,,,,,,,,,,,,,
2000,5,0.037,,,,,,,,,,,,,,,,,,,
2000,5,0.036,,,,,,,,,,,,,,,,,,,
2000,5,0.037,,,,,,,,,,,,,,,,,,,
2000,5,0.038,,,,,,,,,,,,,,,,,,,
2000,5,0.037,,,,,,,,,,,,,,,,,,,
20000,5,0.198,,,,,,,,,,,,,,,,,,,
20000,5,0.196,,,,,,,,,,,,,,,,,,,
20000,5,0.195,,,,,,,,,,,,,,,,,,,
20000,5,0.203,,,,,,,,,,,,,,,,,,,
20000,5,0.201,,,,,,,,,,,,,,,,,,,
20000,5,0.196,,,,,,,,,,,,,,,,,,,
20000,5,0.2,,,,,,,,,,,,,,,,,,,
20000,5,0.194,,,,,,,,,,,,,,,,,,,
20000,5,0.196,,,,,,,,,,,,,,,,,,,
20000,5,0.195,,,,,,,,,,,,,,,,,,,
20000,5,0.194,,,,,,,,,,,,,,,,,,,
20000,5,0.191,,,,,,,,,,,,,,,,,,,
20000,5,0.193,,,,,,,,,,,,,,,,,,,
20000,5,0.236,,,,,,,,,,,,,,,,,,,
20000,5,0.198,,,,,,,,,,,,,,,,,,,
20000,5,0.193,,,,,,,,,,,,,,,,,,,
20000,5,0.197,,,,,,,,,,,,,,,,,,,
20000,5,0.194,,,,,,,,,,,,,,,,,,,
20000,5,0.195,,,,,,,,,,,,,,,,,,,
20000,5,0.195,,,,,,,,,,,,,,,,,,,
20000,5,0.193,,,,,,,,,,,,,,,,,,,
20000,5,0.194,,,,,,,,,,,,,,,,,,,
20000,5,0.191,,,,,,,,,,,,,,,,,,,
20000,5,0.196,,,,,,,,,,,,,,,,,,,
20000,5,0.198,,,,,,,,,,,,,,,,,,,
20000,5,0.199,,,,,,,,,,,,,,,,,,,
20000,5,0.203,,,,,,,,,,,,,,,,,,,
20000,5,0.196,,,,,,,,,,,,,,,,,,,
20000,5,0.196,,,,,,,,,,,,,,,,,,,
20000,5,0.199,,,,,,,,,,,,,,,,,,,
20000,5,0.193,,,,,,,,,,,,,,,,,,,
20000,5,0.192,,,,,,,,,,,,,,,,,,,
20000,5,0.195,,,,,,,,,,,,,,,,,,,
20000,5,0.198,,,,,,,,,,,,,,,,,,,
20000,5,0.198,,,,,,,,,,,,,,,,,,,
200000,5,1.767,,,,,,,,,,,,,,,,,,,
200000,5,1.729,,,,,,,,,,,,,,,,,,,
200000,5,1.745,,,,,,,,,,,,,,,,,,,
200000,5,1.729,,,,,,,,,,,,,,,,,,,
200000,5,1.755,,,,,,,,,,,,,,,,,,,
200000,5,1.735,,,,,,,,,,,,,,,,,,,
200000,5,1.745,,,,,,,,,,,,,,,,,,,
200000,5,1.734,,,,,,,,,,,,,,,,,,,
200000,5,1.739,,,,,,,,,,,,,,,,,,,
200000,5,1.751,,,,,,,,,,,,,,,,,,,
200000,5,1.734,,,,,,,,,,,,,,,,,,,
200000,5,1.743,,,,,,,,,,,,,,,,,,,
200000,5,1.753,,,,,,,,,,,,,,,,,,,
200000,5,1.759,,,,,,,,,,,,,,,,,,,
200000,5,1.735,,,,,,,,,,,,,,,,,,,
200000,5,1.726,,,,,,,,,,,,,,,,,,,
200000,5,1.749,,,,,,,,,,,,,,,,,,,
200000,5,1.745,,,,,,,,,,,,,,,,,,,
200000,5,1.738,,,,,,,,,,,,,,,,,,,
200000,5,1.748,,,,,,,,,,,,,,,,,,,
200000,5,1.755,,,,,,,,,,,,,,,,,,,
200000,5,1.742,,,,,,,,,,,,,,,,,,,
200000,5,1.747,,,,,,,,,,,,,,,,,,,
200000,5,1.754,,,,,,,,,,,,,,,,,,,
200000,5,1.756,,,,,,,,,,,,,,,,,,,
200000,5,1.752,,,,,,,,,,,,,,,,,,,
200000,5,1.745,,,,,,,,,,,,,,,,,,,
200000,5,1.75,,,,,,,,,,,,,,,,,,,
200000,5,1.747,,,,,,,,,,,,,,,,,,,
200000,5,1.767,,,,,,,,,,,,,,,,,,,
200000,5,1.729,,,,,,,,,,,,,,,,,,,
200000,5,1.734,,,,,,,,,,,,,,,,,,,
200000,5,1.755,,,,,,,,,,,,,,,,,,,
200000,5,1.742,,,,,,,,,,,,,,,,,,,
200000,5,1.747,,,,,,,,,,,,,,,,,,,
2000000,5,16.062,,,,,,,,,,,,,,,,,,,
2000000,5,16.078,,,,,,,,,,,,,,,,,,,
2000000,5,16.151,,,,,,,,,,,,,,,,,,,
2000000,5,16.096,,,,,,,,,,,,,,,,,,,
2000000,5,16.102,,,,,,,,,,,,,,,,,,,
2000000,5,16.111,,,,,,,,,,,,,,,,,,,
2000000,5,16.089,,,,,,,,,,,,,,,,,,,
2000000,5,16.075,,,,,,,,,,,,,,,,,,,
2000000,5,16.08,,,,,,,,,,,,,,,,,,,
2000000,5,16.15,,,,,,,,,,,,,,,,,,,
2000000,5,16.148,,,,,,,,,,,,,,,,,,,
2000000,5,16.155,,,,,,,,,,,,,,,,,,,
2000000,5,16.115,,,,,,,,,,,,,,,,,,,
2000000,5,16.072,,,,,,,,,,,,,,,,,,,
2000000,5,16.125,,,,,,,,,,,,,,,,,,,
2000000,5,16.183,,,,,,,,,,,,,,,,,,,
2000000,5,16.12,,,,,,,,,,,,,,,,,,,
2000000,5,16.079,,,,,,,,,,,,,,,,,,,
2000000,5,16.079,,,,,,,,,,,,,,,,,,,
2000000,5,16.081,,,,,,,,,,,,,,,,,,,
2000000,5,16.163,,,,,,,,,,,,,,,,,,,
2000000,5,16.07,,,,,,,,,,,,,,,,,,,
2000000,5,16.109,,,,,,,,,,,,,,,,,,,
2000000,5,16.074,,,,,,,,,,,,,,,,,,,
2000000,5,16.14,,,,,,,,,,,,,,,,,,,
2000000,5,16.118,,,,,,,,,,,,,,,,,,,
2000000,5,16.079,,,,,,,,,,,,,,,,,,,
2000000,5,16.121,,,,,,,,,,,,,,,,,,,
2000000,5,16.083,,,,,,,,,,,,,,,,,,,
2000000,5,16.097,,,,,,,,,,,,,,,,,,,
2000000,5,16.058,,,,,,,,,,,,,,,,,,,
2000000,5,16.096,,,,,,,,,,,,,,,,,,,
2000000,5,16.095,,,,,,,,,,,,,,,,,,,
2000000,5,16.143,,,,,,,,,,,,,,,,,,,
2000000,5,16.086,,,,,,,,,,,,,,,,,,,
2000,6,0.038,,,,,,,,,,,,,,,,,,,
2000,6,0.036,,,,,,,,,,,,,,,,,,,
2000,6,0.038,,,,,,,,,,,,,,,,,,,
2000,6,0.037,,,,,,,,,,,,,,,,,,,
2000,6,0.038,,,,,,,,,,,,,,,,,,,
2000,6,0.038,,,,,,,,,,,,,,,,,,,
2000,6,0.08,,,,,,,,,,,,,,,,,,,
2000,6,0.039,,,,,,,,,,,,,,,,,,,
2000,6,0.039,,,,,,,,,,,,,,,,,,,
2000,6,0.037,,,,,,,,,,,,,,,,,,,
2000,6,0.041,,,,,,,,,,,,,,,,,,,
2000,6,0.039,,,,,,,,,,,,,,,,,,,
2000,6,0.037,,,,,,,,,,,,,,,,,,,
2000,6,0.038,,,,,,,,,,,,,,,,,,,
2000,6,0.039,,,,,,,,,,,,,,,,,,,
2000,6,0.039,,,,,,,,,,,,,,,,,,,
2000,6,0.037,,,,,,,,,,,,,,,,,,,
2000,6,0.038,,,,,,,,,,,,,,,,,,,
2000,6,0.038,,,,,,,,,,,,,,,,,,,
2000,6,0.037,,,,,,,,,,,,,,,,,,,
2000,6,0.036,,,,,,,,,,,,,,,,,,,
2000,6,0.037,,,,,,,,,,,,,,,,,,,
2000,6,0.037,,,,,,,,,,,,,,,,,,,
2000,6,0.037,,,,,,,,,,,,,,,,,,,
2000,6,0.037,,,,,,,,,,,,,,,,,,,
2000,6,0.037,,,,,,,,,,,,,,,,,,,
2000,6,0.037,,,,,,,,,,,,,,,,,,,
2000,6,0.039,,,,,,,,,,,,,,,,,,,
2000,6,0.037,,,,,,,,,,,,,,,,,,,
2000,6,0.037,,,,,,,,,,,,,,,,,,,
2000,6,0.037,,,,,,,,,,,,,,,,,,,
2000,6,0.036,,,,,,,,,,,,,,,,,,,
2000,6,0.037,,,,,,,,,,,,,,,,,,,
2000,6,0.038,,,,,,,,,,,,,,,,,,,
2000,6,0.036,,,,,,,,,,,,,,,,,,,
20000,6,0.175,,,,,,,,,,,,,,,,,,,
20000,6,0.18,,,,,,,,,,,,,,,,,,,
20000,6,0.178,,,,,,,,,,,,,,,,,,,
20000,6,0.178,,,,,,,,,,,,,,,,,,,
20000,6,0.179,,,,,,,,,,,,,,,,,,,
20000,6,0.178,,,,,,,,,,,,,,,,,,,
20000,6,0.177,,,,,,,,,,,,,,,,,,,
20000,6,0.178,,,,,,,,,,,,,,,,,,,
20000,6,0.179,,,,,,,,,,,,,,,,,,,
20000,6,0.177,,,,,,,,,,,,,,,,,,,
20000,6,0.179,,,,,,,,,,,,,,,,,,,
20000,6,0.173,,,,,,,,,,,,,,,,,,,
20000,6,0.176,,,,,,,,,,,,,,,,,,,
20000,6,0.18,,,,,,,,,,,,,,,,,,,
20000,6,0.178,,,,,,,,,,,,,,,,,,,
20000,6,0.179,,,,,,,,,,,,,,,,,,,
20000,6,0.176,,,,,,,,,,,,,,,,,,,
20000,6,0.176,,,,,,,,,,,,,,,,,,,
20000,6,0.178,,,,,,,,,,,,,,,,,,,
20000,6,0.178,,,,,,,,,,,,,,,,,,,
20000,6,0.176,,,,,,,,,,,,,,,,,,,
20000,6,0.175,,,,,,,,,,,,,,,,,,,
20000,6,0.179,,,,,,,,,,,,,,,,,,,
20000,6,0.177,,,,,,,,,,,,,,,,,,,
20000,6,0.174,,,,,,,,,,,,,,,,,,,
20000,6,0.18,,,,,,,,,,,,,,,,,,,
20000,6,0.182,,,,,,,,,,,,,,,,,,,
20000,6,0.174,,,,,,,,,,,,,,,,,,,
20000,6,0.178,,,,,,,,,,,,,,,,,,,
20000,6,0.177,,,,,,,,,,,,,,,,,,,
20000,6,0.181,,,,,,,,,,,,,,,,,,,
20000,6,0.183,,,,,,,,,,,,,,,,,,,
20000,6,0.185,,,,,,,,,,,,,,,,,,,
20000,6,0.179,,,,,,,,,,,,,,,,,,,
20000,6,0.176,,,,,,,,,,,,,,,,,,,
200000,6,1.483,,,,,,,,,,,,,,,,,,,
200000,6,1.495,,,,,,,,,,,,,,,,,,,
200000,6,1.492,,,,,,,,,,,,,,,,,,,
200000,6,1.485,,,,,,,,,,,,,,,,,,,
200000,6,1.485,,,,,,,,,,,,,,,,,,,
200000,6,1.481,,,,,,,,,,,,,,,,,,,
200000,6,1.482,,,,,,,,,,,,,,,,,,,
200000,6,1.498,,,,,,,,,,,,,,,,,,,
200000,6,1.507,,,,,,,,,,,,,,,,,,,
200000,6,1.489,,,,,,,,,,,,,,,,,,,
200000,6,1.479,,,,,,,,,,,,,,,,,,,
200000,6,1.483,,,,,,,,,,,,,,,,,,,
200000,6,1.486,,,,,,,,,,,,,,,,,,,
200000,6,1.498,,,,,,,,,,,,,,,,,,,
200000,6,1.487,,,,,,,,,,,,,,,,,,,
200000,6,1.491,,,,,,,,,,,,,,,,,,,
200000,6,1.497,,,,,,,,,,,,,,,,,,,
200000,6,1.5,,,,,,,,,,,,,,,,,,,
200000,6,1.488,,,,,,,,,,,,,,,,,,,
200000,6,1.481,,,,,,,,,,,,,,,,,,,
200000,6,1.495,,,,,,,,,,,,,,,,,,,
200000,6,1.483,,,,,,,,,,,,,,,,,,,
200000,6,1.491,,,,,,,,,,,,,,,,,,,
200000,6,1.493,,,,,,,,,,,,,,,,,,,
200000,6,1.488,,,,,,,,,,,,,,,,,,,
200000,6,1.486,,,,,,,,,,,,,,,,,,,
200000,6,1.49,,,,,,,,,,,,,,,,,,,
200000,6,1.492,,,,,,,,,,,,,,,,,,,
200000,6,1.489,,,,,,,,,,,,,,,,,,,
200000,6,1.48,,,,,,,,,,,,,,,,,,,
200000,6,1.491,,,,,,,,,,,,,,,,,,,
200000,6,1.502,,,,,,,,,,,,,,,,,,,
200000,6,1.494,,,,,,,,,,,,,,,,,,,
200000,6,1.484,,,,,,,,,,,,,,,,,,,
200000,6,1.481,,,,,,,,,,,,,,,,,,,
2000000,6,13.858,,,,,,,,,,,,,,,,,,,
2000000,6,13.841,,,,,,,,,,,,,,,,,,,
2000000,6,13.851,,,,,,,,,,,,,,,,,,,
2000000,6,13.885,,,,,,,,,,,,,,,,,,,
2000000,6,13.895,,,,,,,,,,,,,,,,,,,
2000000,6,13.873,,,,,,,,,,,,,,,,,,,
2000000,6,13.866,,,,,,,,,,,,,,,,,,,
2000000,6,13.834,,,,,,,,,,,,,,,,,,,
2000000,6,13.861,,,,,,,,,,,,,,,,,,,
2000000,6,13.858,,,,,,,,,,,,,,,,,,,
2000000,6,13.84,,,,,,,,,,,,,,,,,,,
2000000,6,13.866,,,,,,,,,,,,,,,,,,,
2000000,6,13.868,,,,,,,,,,,,,,,,,,,
2000000,6,13.798,,,,,,,,,,,,,,,,,,,
2000000,6,13.849,,,,,,,,,,,,,,,,,,,
2000000,6,13.832,,,,,,,,,,,,,,,,,,,
2000000,6,13.827,,,,,,,,,,,,,,,,,,,
2000000,6,13.84,,,,,,,,,,,,,,,,,,,
2000000,6,13.819,,,,,,,,,,,,,,,,,,,
2000000,6,13.844,,,,,,,,,,,,,,,,,,,
2000000,6,13.881,,,,,,,,,,,,,,,,,,,
2000000,6,13.866,,,,,,,,,,,,,,,,,,,
2000000,6,13.804,,,,,,,,,,,,,,,,,,,
2000000,6,13.827,,,,,,,,,,,,,,,,,,,
2000000,6,13.834,,,,,,,,,,,,,,,,,,,
2000000,6,13.832,,,,,,,,,,,,,,,,,,,
2000000,6,13.872,,,,,,,,,,,,,,,,,,,
2000000,6,13.849,,,,,,,,,,,,,,,,,,,
2000000,6,13.846,,,,,,,,,,,,,,,,,,,
2000000,6,13.88,,,,,,,,,,,,,,,,,,,
2000000,6,13.845,,,,,,,,,,,,,,,,,,,
2000000,6,13.832,,,,,,,,,,,,,,,,,,,
2000000,6,13.867,,,,,,,,,,,,,,,,,,,
2000000,6,13.865,,,,,,,,,,,,,,,,,,,
2000000,6,13.827,,,,,,,,,,,,,,,,,,,
2000,7,0.041,,,,,,,,,,,,,,,,,,,
2000,7,0.039,,,,,,,,,,,,,,,,,,,
2000,7,0.038,,,,,,,,,,,,,,,,,,,
2000,7,0.038,,,,,,,,,,,,,,,,,,,
2000,7,0.037,,,,,,,,,,,,,,,,,,,
2000,7,0.037,,,,,,,,,,,,,,,,,,,
2000,7,0.038,,,,,,,,,,,,,,,,,,,
2000,7,0.038,,,,,,,,,,,,,,,,,,,
2000,7,0.037,,,,,,,,,,,,,,,,,,,
2000,7,0.038,,,,,,,,,,,,,,,,,,,
2000,7,0.038,,,,,,,,,,,,,,,,,,,
2000,7,0.039,,,,,,,,,,,,,,,,,,,
2000,7,0.038,,,,,,,,,,,,,,,,,,,
2000,7,0.037,,,,,,,,,,,,,,,,,,,
2000,7,0.037,,,,,,,,,,,,,,,,,,,
2000,7,0.038,,,,,,,,,,,,,,,,,,,
2000,7,0.04,,,,,,,,,,,,,,,,,,,
2000,7,0.038,,,,,,,,,,,,,,,,,,,
2000,7,0.038,,,,,,,,,,,,,,,,,,,
2000,7,0.038,,,,,,,,,,,,,,,,,,,
2000,7,0.037,,,,,,,,,,,,,,,,,,,
2000,7,0.038,,,,,,,,,,,,,,,,,,,
2000,7,0.038,,,,,,,,,,,,,,,,,,,
2000,7,0.038,,,,,,,,,,,,,,,,,,,
2000,7,0.038,,,,,,,,,,,,,,,,,,,
2000,7,0.037,,,,,,,,,,,,,,,,,,,
2000,7,0.037,,,,,,,,,,,,,,,,,,,
2000,7,0.067,,,,,,,,,,,,,,,,,,,
2000,7,0.039,,,,,,,,,,,,,,,,,,,
2000,7,0.037,,,,,,,,,,,,,,,,,,,
2000,7,0.037,,,,,,,,,,,,,,,,,,,
2000,7,0.038,,,,,,,,,,,,,,,,,,,
2000,7,0.038,,,,,,,,,,,,,,,,,,,
2000,7,0.038,,,,,,,,,,,,,,,,,,,
2000,7,0.037,,,,,,,,,,,,,,,,,,,
20000,7,0.165,,,,,,,,,,,,,,,,,,,
20000,7,0.164,,,,,,,,,,,,,,,,,,,
20000,7,0.164,,,,,,,,,,,,,,,,,,,
20000,7,0.165,,,,,,,,,,,,,,,,,,,
20000,7,0.164,,,,,,,,,,,,,,,,,,,
20000,7,0.165,,,,,,,,,,,,,,,,,,,
20000,7,0.165,,,,,,,,,,,,,,,,,,,
20000,7,0.163,,,,,,,,,,,,,,,,,,,
20000,7,0.164,,,,,,,,,,,,,,,,,,,
20000,7,0.164,,,,,,,,,,,,,,,,,,,
20000,7,0.164,,,,,,,,,,,,,,,,,,,
20000,7,0.166,,,,,,,,,,,,,,,,,,,
20000,7,0.165,,,,,,,,,,,,,,,,,,,
20000,7,0.165,,,,,,,,,,,,,,,,,,,
20000,7,0.167,,,,,,,,,,,,,,,,,,,
20000,7,0.165,,,,,,,,,,,,,,,,,,,
20000,7,0.163,,,,,,,,,,,,,,,,,,,
20000,7,0.169,,,,,,,,,,,,,,,,,,,
20000,7,0.186,,,,,,,,,,,,,,,,,,,
20000,7,0.164,,,,,,,,,,,,,,,,,,,
20000,7,0.166,,,,,,,,,,,,,,,,,,,
20000,7,0.166,,,,,,,,,,,,,,,,,,,
20000,7,0.164,,,,,,,,,,,,,,,,,,,
20000,7,0.167,,,,,,,,,,,,,,,,,,,
20000,7,0.165,,,,,,,,,,,,,,,,,,,
20000,7,0.163,,,,,,,,,,,,,,,,,,,
20000,7,0.163,,,,,,,,,,,,,,,,,,,
20000,7,0.165,,,,,,,,,,,,,,,,,,,
20000,7,0.164,,,,,,,,,,,,,,,,,,,
20000,7,0.164,,,,,,,,,,,,,,,,,,,
20000,7,0.165,,,,,,,,,,,,,,,,,,,
20000,7,0.165,,,,,,,,,,,,,,,,,,,
20000,7,0.165,,,,,,,,,,,,,,,,,,,
20000,7,0.164,,,,,,,,,,,,,,,,,,,
20000,7,0.163,,,,,,,,,,,,,,,,,,,
200000,7,1.311,,,,,,,,,,,,,,,,,,,
200000,7,1.316,,,,,,,,,,,,,,,,,,,
200000,7,1.328,,,,,,,,,,,,,,,,,,,
200000,7,1.319,,,,,,,,,,,,,,,,,,,
200000,7,1.307,,,,,,,,,,,,,,,,,,,
200000,7,1.31,,,,,,,,,,,,,,,,,,,
200000,7,1.309,,,,,,,,,,,,,,,,,,,
200000,7,1.333,,,,,,,,,,,,,,,,,,,
200000,7,1.31,,,,,,,,,,,,,,,,,,,
200000,7,1.312,,,,,,,,,,,,,,,,,,,
200000,7,1.321,,,,,,,,,,,,,,,,,,,
200000,7,1.309,,,,,,,,,,,,,,,,,,,
200000,7,1.32,,,,,,,,,,,,,,,,,,,
200000,7,1.304,,,,,,,,,,,,,,,,,,,
200000,7,1.305,,,,,,,,,,,,,,,,,,,
200000,7,1.315,,,,,,,,,,,,,,,,,,,
200000,7,1.319,,,,,,,,,,,,,,,,,,,
200000,7,1.323,,,,,,,,,,,,,,,,,,,
200000,7,1.316,,,,,,,,,,,,,,,,,,,
200000,7,1.312,,,,,,,,,,,,,,,,,,,
200000,7,1.308,,,,,,,,,,,,,,,,,,,
200000,7,1.304,,,,,,,,,,,,,,,,,,,
200000,7,1.335,,,,,,,,,,,,,,,,,,,
200000,7,1.31,,,,,,,,,,,,,,,,,,,
200000,7,1.313,,,,,,,,,,,,,,,,,,,
200000,7,1.313,,,,,,,,,,,,,,,,,,,
200000,7,1.304,,,,,,,,,,,,,,,,,,,
200000,7,1.34,,,,,,,,,,,,,,,,,,,
200000,7,1.306,,,,,,,,,,,,,,,,,,,
200000,7,1.308,,,,,,,,,,,,,,,,,,,
200000,7,1.31,,,,,,,,,,,,,,,,,,,
200000,7,1.309,,,,,,,,,,,,,,,,,,,
200000,7,1.324,,,,,,,,,,,,,,,,,,,
200000,7,1.311,,,,,,,,,,,,,,,,,,,
200000,7,1.303,,,,,,,,,,,,,,,,,,,
2000000,7,12.431,,,,,,,,,,,,,,,,,,,
2000000,7,12.533,,,,,,,,,,,,,,,,,,,
2000000,7,12.445,,,,,,,,,,,,,,,,,,,
2000000,7,12.379,,,,,,,,,,,,,,,,,,,
2000000,7,12.408,,,,,,,,,,,,,,,,,,,
2000000,7,12.37,,,,,,,,,,,,,,,,,,,
2000000,7,12.402,,,,,,,,,,,,,,,,,,,
2000000,7,12.579,,,,,,,,,,,,,,,,,,,
2000000,7,12.439,,,,,,,,,,,,,,,,,,,
2000000,7,12.899,,,,,,,,,,,,,,,,,,,
2000000,7,12.8,,,,,,,,,,,,,,,,,,,
2000000,7,12.758,,,,,,,,,,,,,,,,,,,
2000000,7,12.723,,,,,,,,,,,,,,,,,,,
2000000,7,12.654,,,,,,,,,,,,,,,,,,,
2000000,7,12.632,,,,,,,,,,,,,,,,,,,
2000000,7,12.619,,,,,,,,,,,,,,,,,,,
2000000,7,12.574,,,,,,,,,,,,,,,,,,,
2000000,7,13.038,,,,,,,,,,,,,,,,,,,
2000000,7,12.725,,,,,,,,,,,,,,,,,,,
2000000,7,12.745,,,,,,,,,,,,,,,,,,,
2000000,7,12.657,,,,,,,,,,,,,,,,,,,
2000000,7,12.651,,,,,,,,,,,,,,,,,,,
2000000,7,12.619,,,,,,,,,,,,,,,,,,,
2000000,7,12.705,,,,,,,,,,,,,,,,,,,
2000000,7,12.723,,,,,,,,,,,,,,,,,,,
2000000,7,12.706,,,,,,,,,,,,,,,,,,,
2000000,7,12.639,,,,,,,,,,,,,,,,,,,
2000000,7,12.544,,,,,,,,,,,,,,,,,,,
2000000,7,12.587,,,,,,,,,,,,,,,,,,,
2000000,7,12.615,,,,,,,,,,,,,,,,,,,
2000000,7,12.619,,,,,,,,,,,,,,,,,,,
2000000,7,12.511,,,,,,,,,,,,,,,,,,,
2000000,7,12.49,,,,,,,,,,,,,,,,,,,
2000000,7,12.871,,,,,,,,,,,,,,,,,,,
2000000,7,12.603,,,,,,,,,,,,,,,,,,,
2000,8,0.038,,,,,,,,,,,,,,,,,,,
2000,8,0.038,,,,,,,,,,,,,,,,,,,
2000,8,0.038,,,,,,,,,,,,,,,,,,,
2000,8,0.04,,,,,,,,,,,,,,,,,,,
2000,8,0.039,,,,,,,,,,,,,,,,,,,
2000,8,0.039,,,,,,,,,,,,,,,,,,,
2000,8,0.038,,,,,,,,,,,,,,,,,,,
2000,8,0.039,,,,,,,,,,,,,,,,,,,
2000,8,0.083,,,,,,,,,,,,,,,,,,,
2000,8,0.042,,,,,,,,,,,,,,,,,,,
2000,8,0.04,,,,,,,,,,,,,,,,,,,
2000,8,0.041,,,,,,,,,,,,,,,,,,,
2000,8,0.042,,,,,,,,,,,,,,,,,,,
2000,8,0.042,,,,,,,,,,,,,,,,,,,
2000,8,0.042,,,,,,,,,,,,,,,,,,,
2000,8,0.042,,,,,,,,,,,,,,,,,,,
2000,8,0.041,,,,,,,,,,,,,,,,,,,
2000,8,0.04,,,,,,,,,,,,,,,,,,,
2000,8,0.042,,,,,,,,,,,,,,,,,,,
2000,8,0.041,,,,,,,,,,,,,,,,,,,
2000,8,0.039,,,,,,,,,,,,,,,,,,,
2000,8,0.04,,,,,,,,,,,,,,,,,,,
2000,8,0.039,,,,,,,,,,,,,,,,,,,
2000,8,0.039,,,,,,,,,,,,,,,,,,,
2000,8,0.038,,,,,,,,,,,,,,,,,,,
2000,8,0.039,,,,,,,,,,,,,,,,,,,
2000,8,0.039,,,,,,,,,,,,,,,,,,,
2000,8,0.039,,,,,,,,,,,,,,,,,,,
2000,8,0.039,,,,,,,,,,,,,,,,,,,
2000,8,0.038,,,,,,,,,,,,,,,,,,,
2000,8,0.038,,,,,,,,,,,,,,,,,,,
2000,8,0.04,,,,,,,,,,,,,,,,,,,
2000,8,0.04,,,,,,,,,,,,,,,,,,,
2000,8,0.038,,,,,,,,,,,,,,,,,,,
2000,8,0.039,,,,,,,,,,,,,,,,,,,
20000,8,0.154,,,,,,,,,,,,,,,,,,,
20000,8,0.153,,,,,,,,,,,,,,,,,,,
20000,8,0.151,,,,,,,,,,,,,,,,,,,
20000,8,0.155,,,,,,,,,,,,,,,,,,,
20000,8,0.154,,,,,,,,,,,,,,,,,,,
20000,8,0.153,,,,,,,,,,,,,,,,,,,
20000,8,0.152,,,,,,,,,,,,,,,,,,,
20000,8,0.154,,,,,,,,,,,,,,,,,,,
20000,8,0.151,,,,,,,,,,,,,,,,,,,
20000,8,0.152,,,,,,,,,,,,,,,,,,,
20000,8,0.151,,,,,,,,,,,,,,,,,,,
20000,8,0.153,,,,,,,,,,,,,,,,,,,
20000,8,0.158,,,,,,,,,,,,,,,,,,,
20000,8,0.153,,,,,,,,,,,,,,,,,,,
20000,8,0.152,,,,,,,,,,,,,,,,,,,
20000,8,0.159,,,,,,,,,,,,,,,,,,,
20000,8,0.152,,,,,,,,,,,,,,,,,,,
20000,8,0.153,,,,,,,,,,,,,,,,,,,
20000,8,0.151,,,,,,,,,,,,,,,,,,,
20000,8,0.151,,,,,,,,,,,,,,,,,,,
20000,8,0.154,,,,,,,,,,,,,,,,,,,
20000,8,0.155,,,,,,,,,,,,,,,,,,,
20000,8,0.151,,,,,,,,,,,,,,,,,,,
20000,8,0.152,,,,,,,,,,,,,,,,,,,
20000,8,0.152,,,,,,,,,,,,,,,,,,,
20000,8,0.152,,,,,,,,,,,,,,,,,,,
20000,8,0.153,,,,,,,,,,,,,,,,,,,
20000,8,0.151,,,,,,,,,,,,,,,,,,,
20000,8,0.152,,,,,,,,,,,,,,,,,,,
20000,8,0.153,,,,,,,,,,,,,,,,,,,
20000,8,0.152,,,,,,,,,,,,,,,,,,,
20000,8,0.152,,,,,,,,,,,,,,,,,,,
20000,8,0.156,,,,,,,,,,,,,,,,,,,
20000,8,0.152,,,,,,,,,,,,,,,,,,,
20000,8,0.176,,,,,,,,,,,,,,,,,,,
200000,8,1.19,,,,,,,,,,,,,,,,,,,
200000,8,1.233,,,,,,,,,,,,,,,,,,,
200000,8,1.194,,,,,,,,,,,,,,,,,,,
200000,8,1.19,,,,,,,,,,,,,,,,,,,
200000,8,1.181,,,,,,,,,,,,,,,,,,,
200000,8,1.244,,,,,,,,,,,,,,,,,,,
200000,8,1.198,,,,,,,,,,,,,,,,,,,
200000,8,1.183,,,,,,,,,,,,,,,,,,,
200000,8,1.196,,,,,,,,,,,,,,,,,,,
200000,8,1.184,,,,,,,,,,,,,,,,,,,
200000,8,1.41,,,,,,,,,,,,,,,,,,,
200000,8,1.194,,,,,,,,,,,,,,,,,,,
200000,8,1.197,,,,,,,,,,,,,,,,,,,
200000,8,1.193,,,,,,,,,,,,,,,,,,,
200000,8,1.196,,,,,,,,,,,,,,,,,,,
200000,8,1.367,,,,,,,,,,,,,,,,,,,
200000,8,1.187,,,,,,,,,,,,,,,,,,,
200000,8,1.237,,,,,,,,,,,,,,,,,,,
200000,8,1.216,,,,,,,,,,,,,,,,,,,
200000,8,1.191,,,,,,,,,,,,,,,,,,,
200000,8,1.25,,,,,,,,,,,,,,,,,,,
200000,8,1.199,,,,,,,,,,,,,,,,,,,
200000,8,1.191,,,,,,,,,,,,,,,,,,,
200000,8,1.208,,,,,,,,,,,,,,,,,,,
200000,8,1.187,,,,,,,,,,,,,,,,,,,
200000,8,1.194,,,,,,,,,,,,,,,,,,,
200000,8,1.197,,,,,,,,,,,,,,,,,,,
200000,8,1.185,,,,,,,,,,,,,,,,,,,
200000,8,1.198,,,,,,,,,,,,,,,,,,,
200000,8,1.193,,,,,,,,,,,,,,,,,,,
200000,8,1.2,,,,,,,,,,,,,,,,,,,
200000,8,1.36,,,,,,,,,,,,,,,,,,,
200000,8,1.195,,,,,,,,,,,,,,,,,,,
200000,8,1.189,,,,,,,,,,,,,,,,,,,
200000,8,1.194,,,,,,,,,,,,,,,,,,,
2000000,8,11.924,,,,,,,,,,,,,,,,,,,
2000000,8,12.153,,,,,,,,,,,,,,,,,,,
2000000,8,12.169,,,,,,,,,,,,,,,,,,,
2000000,8,12.35,,,,,,,,,,,,,,,,,,,
2000000,8,12.365,,,,,,,,,,,,,,,,,,,
2000000,8,12.152,,,,,,,,,,,,,,,,,,,
2000000,8,12.109,,,,,,,,,,,,,,,,,,,
2000000,8,12.137,,,,,,,,,,,,,,,,,,,
2000000,8,12.194,,,,,,,,,,,,,,,,,,,
2000000,8,12.234,,,,,,,,,,,,,,,,,,,
2000000,8,12.191,,,,,,,,,,,,,,,,,,,
2000000,8,12.227,,,,,,,,,,,,,,,,,,,
2000000,8,12.403,,,,,,,,,,,,,,,,,,,
2000000,8,12.187,,,,,,,,,,,,,,,,,,,
2000000,8,12.175,,,,,,,,,,,,,,,,,,,
2000000,8,12.36,,,,,,,,,,,,,,,,,,,
2000000,8,12.314,,,,,,,,,,,,,,,,,,,
2000000,8,12.228,,,,,,,,,,,,,,,,,,,
2000000,8,12.251,,,,,,,,,,,,,,,,,,,
2000000,8,12.239,,,,,,,,,,,,,,,,,,,
2000000,8,12.251,,,,,,,,,,,,,,,,,,,
2000000,8,12.312,,,,,,,,,,,,,,,,,,,
2000000,8,12.323,,,,,,,,,,,,,,,,,,,
2000000,8,12.201,,,,,,,,,,,,,,,,,,,
2000000,8,12.018,,,,,,,,,,,,,,,,,,,
2000000,8,12.239,,,,,,,,,,,,,,,,,,,
2000000,8,12.23,,,,,,,,,,,,,,,,,,,
2000000,8,12.169,,,,,,,,,,,,,,,,,,,
2000000,8,12.29,,,,,,,,,,,,,,,,,,,
2000000,8,12.282,,,,,,,,,,,,,,,,,,,
2000000,8,12.236,,,,,,,,,,,,,,,,,,,
2000000,8,12.148,,,,,,,,,,,,,,,,,,,
2000000,8,12.263,,,,,,,,,,,,,,,,,,,
2000000,8,12.17,,,,,,,,,,,,,,,,,,,
2000000,8,12.192,,,,,,,,,,,,,,,,,,,
2000,9,0.041,,,,,,,,,,,,,,,,,,,
2000,9,0.042,,,,,,,,,,,,,,,,,,,
2000,9,0.042,,,,,,,,,,,,,,,,,,,
2000,9,0.041,,,,,,,,,,,,,,,,,,,
2000,9,0.041,,,,,,,,,,,,,,,,,,,
2000,9,0.041,,,,,,,,,,,,,,,,,,,
2000,9,0.043,,,,,,,,,,,,,,,,,,,
2000,9,0.041,,,,,,,,,,,,,,,,,,,
2000,9,0.042,,,,,,,,,,,,,,,,,,,
2000,9,0.041,,,,,,,,,,,,,,,,,,,
2000,9,0.043,,,,,,,,,,,,,,,,,,,
2000,9,0.043,,,,,,,,,,,,,,,,,,,
2000,9,0.041,,,,,,,,,,,,,,,,,,,
2000,9,0.042,,,,,,,,,,,,,,,,,,,
2000,9,0.042,,,,,,,,,,,,,,,,,,,
2000,9,0.043,,,,,,,,,,,,,,,,,,,
2000,9,0.041,,,,,,,,,,,,,,,,,,,
2000,9,0.042,,,,,,,,,,,,,,,,,,,
2000,9,0.041,,,,,,,,,,,,,,,,,,,
2000,9,0.042,,,,,,,,,,,,,,,,,,,
2000,9,0.042,,,,,,,,,,,,,,,,,,,
2000,9,0.041,,,,,,,,,,,,,,,,,,,
2000,9,0.042,,,,,,,,,,,,,,,,,,,
2000,9,0.041,,,,,,,,,,,,,,,,,,,
2000,9,0.04,,,,,,,,,,,,,,,,,,,
2000,9,0.041,,,,,,,,,,,,,,,,,,,
2000,9,0.041,,,,,,,,,,,,,,,,,,,
2000,9,0.041,,,,,,,,,,,,,,,,,,,
2000,9,0.041,,,,,,,,,,,,,,,,,,,
2000,9,0.042,,,,,,,,,,,,,,,,,,,
2000,9,0.041,,,,,,,,,,,,,,,,,,,
2000,9,0.043,,,,,,,,,,,,,,,,,,,
2000,9,0.041,,,,,,,,,,,,,,,,,,,
2000,9,0.041,,,,,,,,,,,,,,,,,,,
2000,9,0.041,,,,,,,,,,,,,,,,,,,
20000,9,0.187,,,,,,,,,,,,,,,,,,,
20000,9,0.186,,,,,,,,,,,,,,,,,,,
20000,9,0.186,,,,,,,,,,,,,,,,,,,
20000,9,0.199,,,,,,,,,,,,,,,,,,,
20000,9,0.204,,,,,,,,,,,,,,,,,,,
20000,9,0.202,,,,,,,,,,,,,,,,,,,
20000,9,0.189,,,,,,,,,,,,,,,,,,,
20000,9,0.186,,,,,,,,,,,,,,,,,,,
20000,9,0.188,,,,,,,,,,,,,,,,,,,
20000,9,0.188,,,,,,,,,,,,,,,,,,,
20000,9,0.186,,,,,,,,,,,,,,,,,,,
20000,9,0.185,,,,,,,,,,,,,,,,,,,
20000,9,0.186,,,,,,,,,,,,,,,,,,,
20000,9,0.186,,,,,,,,,,,,,,,,,,,
20000,9,0.187,,,,,,,,,,,,,,,,,,,
20000,9,0.187,,,,,,,,,,,,,,,,,,,
20000,9,0.188,,,,,,,,,,,,,,,,,,,
20000,9,0.188,,,,,,,,,,,,,,,,,,,
20000,9,0.185,,,,,,,,,,,,,,,,,,,
20000,9,0.186,,,,,,,,,,,,,,,,,,,
20000,9,0.185,,,,,,,,,,,,,,,,,,,
20000,9,0.188,,,,,,,,,,,,,,,,,,,
20000,9,0.185,,,,,,,,,,,,,,,,,,,
20000,9,0.187,,,,,,,,,,,,,,,,,,,
20000,9,0.194,,,,,,,,,,,,,,,,,,,
20000,9,0.21,,,,,,,,,,,,,,,,,,,
20000,9,0.2,,,,,,,,,,,,,,,,,,,
20000,9,0.186,,,,,,,,,,,,,,,,,,,
20000,9,0.204,,,,,,,,,,,,,,,,,,,
20000,9,0.188,,,,,,,,,,,,,,,,,,,
20000,9,0.188,,,,,,,,,,,,,,,,,,,
20000,9,0.19,,,,,,,,,,,,,,,,,,,
20000,9,0.183,,,,,,,,,,,,,,,,,,,
20000,9,0.187,,,,,,,,,,,,,,,,,,,
20000,9,0.186,,,,,,,,,,,,,,,,,,,
200000,9,1.774,,,,,,,,,,,,,,,,,,,
200000,9,1.725,,,,,,,,,,,,,,,,,,,
200000,9,1.723,,,,,,,,,,,,,,,,,,,
200000,9,1.713,,,,,,,,,,,,,,,,,,,
200000,9,1.739,,,,,,,,,,,,,,,,,,,
200000,9,1.711,,,,,,,,,,,,,,,,,,,
200000,9,1.734,,,,,,,,,,,,,,,,,,,
200000,9,1.761,,,,,,,,,,,,,,,,,,,
200000,9,1.751,,,,,,,,,,,,,,,,,,,
200000,9,1.721,,,,,,,,,,,,,,,,,,,
200000,9,1.731,,,,,,,,,,,,,,,,,,,
200000,9,1.763,,,,,,,,,,,,,,,,,,,
200000,9,1.714,,,,,,,,,,,,,,,,,,,
200000,9,1.744,,,,,,,,,,,,,,,,,,,
200000,9,1.748,,,,,,,,,,,,,,,,,,,
200000,9,1.729,,,,,,,,,,,,,,,,,,,
200000,9,1.709,,,,,,,,,,,,,,,,,,,
200000,9,1.707,,,,,,,,,,,,,,,,,,,
200000,9,1.751,,,,,,,,,,,,,,,,,,,
200000,9,1.748,,,,,,,,,,,,,,,,,,,
200000,9,1.691,,,,,,,,,,,,,,,,,,,
200000,9,1.725,,,,,,,,,,,,,,,,,,,
200000,9,1.696,,,,,,,,,,,,,,,,,,,
200000,9,1.726,,,,,,,,,,,,,,,,,,,
200000,9,1.72,,,,,,,,,,,,,,,,,,,
200000,9,1.726,,,,,,,,,,,,,,,,,,,
200000,9,1.725,,,,,,,,,,,,,,,,,,,
200000,9,1.748,,,,,,,,,,,,,,,,,,,
200000,9,1.721,,,,,,,,,,,,,,,,,,,
200000,9,1.748,,,,,,,,,,,,,,,,,,,
200000,9,1.72,,,,,,,,,,,,,,,,,,,
200000,9,1.707,,,,,,,,,,,,,,,,,,,
200000,9,1.74,,,,,,,,,,,,,,,,,,,
200000,9,1.771,,,,,,,,,,,,,,,,,,,
200000,9,1.732,,,,,,,,,,,,,,,,,,,
2000000,9,13.116,,,,,,,,,,,,,,,,,,,
2000000,9,13.622,,,,,,,,,,,,,,,,,,,
2000000,9,13.239,,,,,,,,,,,,,,,,,,,
2000000,9,13.116,,,,,,,,,,,,,,,,,,,
2000000,9,13.015,,,,,,,,,,,,,,,,,,,
2000000,9,12.953,,,,,,,,,,,,,,,,,,,
2000000,9,13.238,,,,,,,,,,,,,,,,,,,
2000000,9,13.262,,,,,,,,,,,,,,,,,,,
2000000,9,12.998,,,,,,,,,,,,,,,,,,,
2000000,9,13.035,,,,,,,,,,,,,,,,,,,
2000000,9,13.189,,,,,,,,,,,,,,,,,,,
2000000,9,13.306,,,,,,,,,,,,,,,,,,,
2000000,9,13.14,,,,,,,,,,,,,,,,,,,
2000000,9,13.151,,,,,,,,,,,,,,,,,,,
2000000,9,13.213,,,,,,,,,,,,,,,,,,,
2000000,9,13.031,,,,,,,,,,,,,,,,,,,
2000000,9,13.071,,,,,,,,,,,,,,,,,,,
2000000,9,12.935,,,,,,,,,,,,,,,,,,,
2000000,9,13.093,,,,,,,,,,,,,,,,,,,
2000000,9,13.05,,,,,,,,,,,,,,,,,,,
2000000,9,13.227,,,,,,,,,,,,,,,,,,,
2000000,9,13.179,,,,,,,,,,,,,,,,,,,
2000000,9,13.066,,,,,,,,,,,,,,,,,,,
2000000,9,13.124,,,,,,,,,,,,,,,,,,,
2000000,9,12.943,,,,,,,,,,,,,,,,,,,
2000000,9,13.089,,,,,,,,,,,,,,,,,,,
2000000,9,13.035,,,,,,,,,,,,,,,,,,,
2000000,9,13.004,,,,,,,,,,,,,,,,,,,
2000000,9,13.092,,,,,,,,,,,,,,,,,,,
2000000,9,13.058,,,,,,,,,,,,,,,,,,,
2000000,9,12.913,,,,,,,,,,,,,,,,,,,
2000000,9,13.019,,,,,,,,,,,,,,,,,,,
2000000,9,13.111,,,,,,,,,,,,,,,,,,,
2000000,9,12.992,,,,,,,,,,,,,,,,,,,
2000000,9,13.141,,,,,,,,,,,,,,,,,,,
2000,10,0.044,,,,,,,,,,,,,,,,,,,
2000,10,0.043,,,,,,,,,,,,,,,,,,,
2000,10,0.043,,,,,,,,,,,,,,,,,,,
2000,10,0.043,,,,,,,,,,,,,,,,,,,
2000,10,0.044,,,,,,,,,,,,,,,,,,,
2000,10,0.042,,,,,,,,,,,,,,,,,,,
2000,10,0.043,,,,,,,,,,,,,,,,,,,
2000,10,0.042,,,,,,,,,,,,,,,,,,,
2000,10,0.042,,,,,,,,,,,,,,,,,,,
2000,10,0.043,,,,,,,,,,,,,,,,,,,
2000,10,0.043,,,,,,,,,,,,,,,,,,,
2000,10,0.044,,,,,,,,,,,,,,,,,,,
2000,10,0.043,,,,,,,,,,,,,,,,,,,
2000,10,0.043,,,,,,,,,,,,,,,,,,,
2000,10,0.043,,,,,,,,,,,,,,,,,,,
2000,10,0.043,,,,,,,,,,,,,,,,,,,
2000,10,0.044,,,,,,,,,,,,,,,,,,,
2000,10,0.043,,,,,,,,,,,,,,,,,,,
2000,10,0.043,,,,,,,,,,,,,,,,,,,
2000,10,0.043,,,,,,,,,,,,,,,,,,,
2000,10,0.042,,,,,,,,,,,,,,,,,,,
2000,10,0.043,,,,,,,,,,,,,,,,,,,
2000,10,0.042,,,,,,,,,,,,,,,,,,,
2000,10,0.042,,,,,,,,,,,,,,,,,,,
2000,10,0.043,,,,,,,,,,,,,,,,,,,
2000,10,0.043,,,,,,,,,,,,,,,,,,,
2000,10,0.042,,,,,,,,,,,,,,,,,,,
2000,10,0.043,,,,,,,,,,,,,,,,,,,
2000,10,0.043,,,,,,,,,,,,,,,,,,,
2000,10,0.043,,,,,,,,,,,,,,,,,,,
2000,10,0.042,,,,,,,,,,,,,,,,,,,
2000,10,0.043,,,,,,,,,,,,,,,,,,,
2000,10,0.043,,,,,,,,,,,,,,,,,,,
2000,10,0.042,,,,,,,,,,,,,,,,,,,
2000,10,0.044,,,,,,,,,,,,,,,,,,,
20000,10,0.188,,,,,,,,,,,,,,,,,,,
20000,10,0.184,,,,,,,,,,,,,,,,,,,
20000,10,0.186,,,,,,,,,,,,,,,,,,,
20000,10,0.188,,,,,,,,,,,,,,,,,,,
20000,10,0.187,,,,,,,,,,,,,,,,,,,
20000,10,0.187,,,,,,,,,,,,,,,,,,,
20000,10,0.186,,,,,,,,,,,,,,,,,,,
20000,10,0.188,,,,,,,,,,,,,,,,,,,
20000,10,0.186,,,,,,,,,,,,,,,,,,,
20000,10,0.188,,,,,,,,,,,,,,,,,,,
20000,10,0.188,,,,,,,,,,,,,,,,,,,
20000,10,0.193,,,,,,,,,,,,,,,,,,,
20000,10,0.191,,,,,,,,,,,,,,,,,,,
20000,10,0.19,,,,,,,,,,,,,,,,,,,
20000,10,0.186,,,,,,,,,,,,,,,,,,,
20000,10,0.186,,,,,,,,,,,,,,,,,,,
20000,10,0.187,,,,,,,,,,,,,,,,,,,
20000,10,0.187,,,,,,,,,,,,,,,,,,,
20000,10,0.187,,,,,,,,,,,,,,,,,,,
20000,10,0.184,,,,,,,,,,,,,,,,,,,
20000,10,0.186,,,,,,,,,,,,,,,,,,,
20000,10,0.194,,,,,,,,,,,,,,,,,,,
20000,10,0.188,,,,,,,,,,,,,,,,,,,
20000,10,0.186,,,,,,,,,,,,,,,,,,,
20000,10,0.185,,,,,,,,,,,,,,,,,,,
20000,10,0.189,,,,,,,,,,,,,,,,,,,
20000,10,0.188,,,,,,,,,,,,,,,,,,,
20000,10,0.183,,,,,,,,,,,,,,,,,,,
20000,10,0.186,,,,,,,,,,,,,,,,,,,
20000,10,0.187,,,,,,,,,,,,,,,,,,,
20000,10,0.188,,,,,,,,,,,,,,,,,,,
20000,10,0.187,,,,,,,,,,,,,,,,,,,
20000,10,0.188,,,,,,,,,,,,,,,,,,,
20000,10,0.186,,,,,,,,,,,,,,,,,,,
20000,10,0.187,,,,,,,,,,,,,,,,,,,
200000,10,1.662,,,,,,,,,,,,,,,,,,,
200000,10,1.681,,,,,,,,,,,,,,,,,,,
200000,10,1.657,,,,,,,,,,,,,,,,,,,
200000,10,1.658,,,,,,,,,,,,,,,,,,,
200000,10,1.651,,,,,,,,,,,,,,,,,,,
200000,10,1.679,,,,,,,,,,,,,,,,,,,
200000,10,1.662,,,,,,,,,,,,,,,,,,,
200000,10,1.657,,,,,,,,,,,,,,,,,,,
200000,10,1.657,,,,,,,,,,,,,,,,,,,
200000,10,1.661,,,,,,,,,,,,,,,,,,,
200000,10,1.659,,,,,,,,,,,,,,,,,,,
200000,10,1.657,,,,,,,,,,,,,,,,,,,
200000,10,1.66,,,,,,,,,,,,,,,,,,,
200000,10,1.658,,,,,,,,,,,,,,,,,,,
200000,10,1.666,,,,,,,,,,,,,,,,,,,
200000,10,1.668,,,,,,,,,,,,,,,,,,,
200000,10,1.66,,,,,,,,,,,,,,,,,,,
200000,10,1.669,,,,,,,,,,,,,,,,,,,
200000,10,1.679,,,,,,,,,,,,,,,,,,,
200000,10,1.661,,,,,,,,,,,,,,,,,,,
200000,10,1.67,,,,,,,,,,,,,,,,,,,
200000,10,1.665,,,,,,,,,,,,,,,,,,,
200000,10,1.672,,,,,,,,,,,,,,,,,,,
200000,10,1.684,,,,,,,,,,,,,,,,,,,
200000,10,1.653,,,,,,,,,,,,,,,,,,,
200000,10,1.722,,,,,,,,,,,,,,,,,,,
200000,10,1.668,,,,,,,,,,,,,,,,,,,
200000,10,1.664,,,,,,,,,,,,,,,,,,,
200000,10,1.664,,,,,,,,,,,,,,,,,,,
200000,10,1.66,,,,,,,,,,,,,,,,,,,
200000,10,1.667,,,,,,,,,,,,,,,,,,,
200000,10,1.662,,,,,,,,,,,,,,,,,,,
200000,10,1.665,,,,,,,,,,,,,,,,,,,
200000,10,1.66,,,,,,,,,,,,,,,,,,,
200000,10,1.643,,,,,,,,,,,,,,,,,,,
2000000,10,12.9,,,,,,,,,,,,,,,,,,,
2000000,10,12.743,,,,,,,,,,,,,,,,,,,
2000000,10,12.837,,,,,,,,,,,,,,,,,,,
2000000,10,12.86,,,,,,,,,,,,,,,,,,,
2000000,10,12.928,,,,,,,,,,,,,,,,,,,
2000000,10,12.807,,,,,,,,,,,,,,,,,,,
2000000,10,12.995,,,,,,,,,,,,,,,,,,,
2000000,10,12.792,,,,,,,,,,,,,,,,,,,
2000000,10,12.932,,,,,,,,,,,,,,,,,,,
2000000,10,12.913,,,,,,,,,,,,,,,,,,,
2000000,10,12.939,,,,,,,,,,,,,,,,,,,
2000000,10,12.81,,,,,,,,,,,,,,,,,,,
2000000,10,12.965,,,,,,,,,,,,,,,,,,,
2000000,10,12.886,,,,,,,,,,,,,,,,,,,
2000000,10,13.017,,,,,,,,,,,,,,,,,,,
2000000,10,12.87,,,,,,,,,,,,,,,,,,,
2000000,10,12.87,,,,,,,,,,,,,,,,,,,
2000000,10,12.913,,,,,,,,,,,,,,,,,,,
2000000,10,12.811,,,,,,,,,,,,,,,,,,,
2000000,10,12.857,,,,,,,,,,,,,,,,,,,
2000000,10,12.774,,,,,,,,,,,,,,,,,,,
2000000,10,12.843,,,,,,,,,,,,,,,,,,,
2000000,10,13.003,,,,,,,,,,,,,,,,,,,
2000000,10,13.019,,,,,,,,,,,,,,,,,,,
2000000,10,12.854,,,,,,,,,,,,,,,,,,,
2000000,10,12.85,,,,,,,,,,,,,,,,,,,
2000000,10,12.979,,,,,,,,,,,,,,,,,,,
2000000,10,12.869,,,,,,,,,,,,,,,,,,,
2000000,10,12.913,,,,,,,,,,,,,,,,,,,
2000000,10,13.011,,,,,,,,,,,,,,,,,,,
2000000,10,13.728,,,,,,,,,,,,,,,,,,,
2000000,10,13.78,,,,,,,,,,,,,,,,,,,
2000000,10,13.976,,,,,,,,,,,,,,,,,,,
2000000,10,13.293,,,,,,,,,,,,,,,,,,,
2000000,10,14.992,,,,,,,,,,,,,,,,,,,
2000,11,0.046,,,,,,,,,,,,,,,,,,,
2000,11,0.045,,,,,,,,,,,,,,,,,,,
2000,11,0.045,,,,,,,,,,,,,,,,,,,
2000,11,0.045,,,,,,,,,,,,,,,,,,,
2000,11,0.045,,,,,,,,,,,,,,,,,,,
2000,11,0.043,,,,,,,,,,,,,,,,,,,
2000,11,0.045,,,,,,,,,,,,,,,,,,,
2000,11,0.044,,,,,,,,,,,,,,,,,,,
2000,11,0.044,,,,,,,,,,,,,,,,,,,
2000,11,0.045,,,,,,,,,,,,,,,,,,,
2000,11,0.044,,,,,,,,,,,,,,,,,,,
2000,11,0.044,,,,,,,,,,,,,,,,,,,
2000,11,0.046,,,,,,,,,,,,,,,,,,,
2000,11,0.092,,,,,,,,,,,,,,,,,,,
2000,11,0.046,,,,,,,,,,,,,,,,,,,
2000,11,0.042,,,,,,,,,,,,,,,,,,,
2000,11,0.043,,,,,,,,,,,,,,,,,,,
2000,11,0.044,,,,,,,,,,,,,,,,,,,
2000,11,0.044,,,,,,,,,,,,,,,,,,,
2000,11,0.043,,,,,,,,,,,,,,,,,,,
2000,11,0.043,,,,,,,,,,,,,,,,,,,
2000,11,0.046,,,,,,,,,,,,,,,,,,,
2000,11,0.045,,,,,,,,,,,,,,,,,,,
2000,11,0.044,,,,,,,,,,,,,,,,,,,
2000,11,0.045,,,,,,,,,,,,,,,,,,,
2000,11,0.044,,,,,,,,,,,,,,,,,,,
2000,11,0.044,,,,,,,,,,,,,,,,,,,
2000,11,0.046,,,,,,,,,,,,,,,,,,,
2000,11,0.045,,,,,,,,,,,,,,,,,,,
2000,11,0.045,,,,,,,,,,,,,,,,,,,
2000,11,0.046,,,,,,,,,,,,,,,,,,,
2000,11,0.045,,,,,,,,,,,,,,,,,,,
2000,11,0.044,,,,,,,,,,,,,,,,,,,
2000,11,0.044,,,,,,,,,,,,,,,,,,,
2000,11,0.045,,,,,,,,,,,,,,,,,,,
20000,11,0.196,,,,,,,,,,,,,,,,,,,
20000,11,0.197,,,,,,,,,,,,,,,,,,,
20000,11,0.196,,,,,,,,,,,,,,,,,,,
20000,11,0.197,,,,,,,,,,,,,,,,,,,
20000,11,0.194,,,,,,,,,,,,,,,,,,,
20000,11,0.192,,,,,,,,,,,,,,,,,,,
20000,11,0.201,,,,,,,,,,,,,,,,,,,
20000,11,0.199,,,,,,,,,,,,,,,,,,,
20000,11,0.193,,,,,,,,,,,,,,,,,,,
20000,11,0.194,,,,,,,,,,,,,,,,,,,
20000,11,0.195,,,,,,,,,,,,,,,,,,,
20000,11,0.196,,,,,,,,,,,,,,,,,,,
20000,11,0.201,,,,,,,,,,,,,,,,,,,
20000,11,0.199,,,,,,,,,,,,,,,,,,,
20000,11,0.203,,,,,,,,,,,,,,,,,,,
20000,11,0.198,,,,,,,,,,,,,,,,,,,
20000,11,0.194,,,,,,,,,,,,,,,,,,,
20000,11,0.196,,,,,,,,,,,,,,,,,,,
20000,11,0.197,,,,,,,,,,,,,,,,,,,
20000,11,0.197,,,,,,,,,,,,,,,,,,,
20000,11,0.197,,,,,,,,,,,,,,,,,,,
20000,11,0.202,,,,,,,,,,,,,,,,,,,
20000,11,0.197,,,,,,,,,,,,,,,,,,,
20000,11,0.194,,,,,,,,,,,,,,,,,,,
20000,11,0.199,,,,,,,,,,,,,,,,,,,
20000,11,0.195,,,,,,,,,,,,,,,,,,,
20000,11,0.199,,,,,,,,,,,,,,,,,,,
20000,11,0.198,,,,,,,,,,,,,,,,,,,
20000,11,0.194,,,,,,,,,,,,,,,,,,,
20000,11,0.197,,,,,,,,,,,,,,,,,,,
20000,11,0.201,,,,,,,,,,,,,,,,,,,
20000,11,0.198,,,,,,,,,,,,,,,,,,,
20000,11,0.201,,,,,,,,,,,,,,,,,,,
20000,11,0.2,,,,,,,,,,,,,,,,,,,
20000,11,0.195,,,,,,,,,,,,,,,,,,,
200000,11,1.605,,,,,,,,,,,,,,,,,,,
200000,11,1.611,,,,,,,,,,,,,,,,,,,
200000,11,1.6,,,,,,,,,,,,,,,,,,,
200000,11,1.571,,,,,,,,,,,,,,,,,,,
200000,11,1.562,,,,,,,,,,,,,,,,,,,
200000,11,1.566,,,,,,,,,,,,,,,,,,,
200000,11,1.552,,,,,,,,,,,,,,,,,,,
200000,11,1.573,,,,,,,,,,,,,,,,,,,
200000,11,1.561,,,,,,,,,,,,,,,,,,,
200000,11,1.548,,,,,,,,,,,,,,,,,,,
200000,11,1.556,,,,,,,,,,,,,,,,,,,
200000,11,1.552,,,,,,,,,,,,,,,,,,,
200000,11,1.556,,,,,,,,,,,,,,,,,,,
200000,11,1.559,,,,,,,,,,,,,,,,,,,
200000,11,1.553,,,,,,,,,,,,,,,,,,,
200000,11,1.554,,,,,,,,,,,,,,,,,,,
200000,11,1.575,,,,,,,,,,,,,,,,,,,
200000,11,1.559,,,,,,,,,,,,,,,,,,,
200000,11,1.545,,,,,,,,,,,,,,,,,,,
200000,11,1.561,,,,,,,,,,,,,,,,,,,
200000,11,1.552,,,,,,,,,,,,,,,,,,,
200000,11,1.56,,,,,,,,,,,,,,,,,,,
200000,11,1.619,,,,,,,,,,,,,,,,,,,
200000,11,1.564,,,,,,,,,,,,,,,,,,,
200000,11,1.561,,,,,,,,,,,,,,,,,,,
200000,11,1.577,,,,,,,,,,,,,,,,,,,
200000,11,1.567,,,,,,,,,,,,,,,,,,,
200000,11,1.561,,,,,,,,,,,,,,,,,,,
200000,11,1.549,,,,,,,,,,,,,,,,,,,
200000,11,1.567,,,,,,,,,,,,,,,,,,,
200000,11,1.564,,,,,,,,,,,,,,,,,,,
200000,11,1.549,,,,,,,,,,,,,,,,,,,
200000,11,1.563,,,,,,,,,,,,,,,,,,,
200000,11,1.563,,,,,,,,,,,,,,,,,,,
200000,11,1.564,,,,,,,,,,,,,,,,,,,
2000000,11,12.818,,,,,,,,,,,,,,,,,,,
2000000,11,12.624,,,,,,,,,,,,,,,,,,,
2000000,11,12.705,,,,,,,,,,,,,,,,,,,
2000000,11,12.688,,,,,,,,,,,,,,,,,,,
2000000,11,12.642,,,,,,,,,,,,,,,,,,,
2000000,11,12.646,,,,,,,,,,,,,,,,,,,
2000000,11,12.675,,,,,,,,,,,,,,,,,,,
2000000,11,12.64,,,,,,,,,,,,,,,,,,,
2000000,11,12.604,,,,,,,,,,,,,,,,,,,
2000000,11,12.719,,,,,,,,,,,,,,,,,,,
2000000,11,12.694,,,,,,,,,,,,,,,,,,,
2000000,11,12.723,,,,,,,,,,,,,,,,,,,
2000000,11,12.737,,,,,,,,,,,,,,,,,,,
2000000,11,12.668,,,,,,,,,,,,,,,,,,,
2000000,11,12.698,,,,,,,,,,,,,,,,,,,
2000000,11,12.622,,,,,,,,,,,,,,,,,,,
2000000,11,12.63,,,,,,,,,,,,,,,,,,,
2000000,11,12.612,,,,,,,,,,,,,,,,,,,
2000000,11,12.717,,,,,,,,,,,,,,,,,,,
2000000,11,12.577,,,,,,,,,,,,,,,,,,,
2000000,11,12.615,,,,,,,,,,,,,,,,,,,
2000000,11,12.654,,,,,,,,,,,,,,,,,,,
2000000,11,12.697,,,,,,,,,,,,,,,,,,,
2000000,11,12.743,,,,,,,,,,,,,,,,,,,
2000000,11,12.664,,,,,,,,,,,,,,,,,,,
2000000,11,12.531,,,,,,,,,,,,,,,,,,,
2000000,11,12.774,,,,,,,,,,,,,,,,,,,
2000000,11,12.7,,,,,,,,,,,,,,,,,,,
2000000,11,12.64,,,,,,,,,,,,,,,,,,,
2000000,11,12.742,,,,,,,,,,,,,,,,,,,
2000000,11,12.693,,,,,,,,,,,,,,,,,,,
2000000,11,12.657,,,,,,,,,,,,,,,,,,,
2000000,11,12.639,,,,,,,,,,,,,,,,,,,
2000000,11,12.704,,,,,,,,,,,,,,,,,,,
2000000,11,12.757,,,,,,,,,,,,,,,,,,,
2000,12,0.044,,,,,,,,,,,,,,,,,,,
2000,12,0.045,,,,,,,,,,,,,,,,,,,
2000,12,0.081,,,,,,,,,,,,,,,,,,,
2000,12,0.043,,,,,,,,,,,,,,,,,,,
2000,12,0.043,,,,,,,,,,,,,,,,,,,
2000,12,0.042,,,,,,,,,,,,,,,,,,,
2000,12,0.043,,,,,,,,,,,,,,,,,,,
2000,12,0.042,,,,,,,,,,,,,,,,,,,
2000,12,0.043,,,,,,,,,,,,,,,,,,,
2000,12,0.043,,,,,,,,,,,,,,,,,,,
2000,12,0.043,,,,,,,,,,,,,,,,,,,
2000,12,0.043,,,,,,,,,,,,,,,,,,,
2000,12,0.044,,,,,,,,,,,,,,,,,,,
2000,12,0.044,,,,,,,,,,,,,,,,,,,
2000,12,0.043,,,,,,,,,,,,,,,,,,,
2000,12,0.043,,,,,,,,,,,,,,,,,,,
2000,12,0.043,,,,,,,,,,,,,,,,,,,
2000,12,0.044,,,,,,,,,,,,,,,,,,,
2000,12,0.043,,,,,,,,,,,,,,,,,,,
2000,12,0.043,,,,,,,,,,,,,,,,,,,
2000,12,0.043,,,,,,,,,,,,,,,,,,,
2000,12,0.044,,,,,,,,,,,,,,,,,,,
2000,12,0.043,,,,,,,,,,,,,,,,,,,
2000,12,0.043,,,,,,,,,,,,,,,,,,,
2000,12,0.043,,,,,,,,,,,,,,,,,,,
2000,12,0.044,,,,,,,,,,,,,,,,,,,
2000,12,0.043,,,,,,,,,,,,,,,,,,,
2000,12,0.043,,,,,,,,,,,,,,,,,,,
2000,12,0.044,,,,,,,,,,,,,,,,,,,
2000,12,0.043,,,,,,,,,,,,,,,,,,,
2000,12,0.043,,,,,,,,,,,,,,,,,,,
2000,12,0.044,,,,,,,,,,,,,,,,,,,
2000,12,0.045,,,,,,,,,,,,,,,,,,,
2000,12,0.044,,,,,,,,,,,,,,,,,,,
2000,12,0.044,,,,,,,,,,,,,,,,,,,
20000,12,0.175,,,,,,,,,,,,,,,,,,,
20000,12,0.176,,,,,,,,,,,,,,,,,,,
20000,12,0.177,,,,,,,,,,,,,,,,,,,
20000,12,0.173,,,,,,,,,,,,,,,,,,,
20000,12,0.174,,,,,,,,,,,,,,,,,,,
20000,12,0.172,,,,,,,,,,,,,,,,,,,
20000,12,0.172,,,,,,,,,,,,,,,,,,,
20000,12,0.172,,,,,,,,,,,,,,,,,,,
20000,12,0.172,,,,,,,,,,,,,,,,,,,
20000,12,0.172,,,,,,,,,,,,,,,,,,,
20000,12,0.174,,,,,,,,,,,,,,,,,,,
20000,12,0.172,,,,,,,,,,,,,,,,,,,
20000,12,0.172,,,,,,,,,,,,,,,,,,,
20000,12,0.175,,,,,,,,,,,,,,,,,,,
20000,12,0.172,,,,,,,,,,,,,,,,,,,
20000,12,0.172,,,,,,,,,,,,,,,,,,,
20000,12,0.176,,,,,,,,,,,,,,,,,,,
20000,12,0.173,,,,,,,,,,,,,,,,,,,
20000,12,0.174,,,,,,,,,,,,,,,,,,,
20000,12,0.173,,,,,,,,,,,,,,,,,,,
20000,12,0.211,,,,,,,,,,,,,,,,,,,
20000,12,0.172,,,,,,,,,,,,,,,,,,,
20000,12,0.172,,,,,,,,,,,,,,,,,,,
20000,12,0.172,,,,,,,,,,,,,,,,,,,
20000,12,0.174,,,,,,,,,,,,,,,,,,,
20000,12,0.174,,,,,,,,,,,,,,,,,,,
20000,12,0.171,,,,,,,,,,,,,,,,,,,
20000,12,0.172,,,,,,,,,,,,,,,,,,,
20000,12,0.174,,,,,,,,,,,,,,,,,,,
20000,12,0.175,,,,,,,,,,,,,,,,,,,
20000,12,0.169,,,,,,,,,,,,,,,,,,,
20000,12,0.171,,,,,,,,,,,,,,,,,,,
20000,12,0.173,,,,,,,,,,,,,,,,,,,
20000,12,0.175,,,,,,,,,,,,,,,,,,,
20000,12,0.173,,,,,,,,,,,,,,,,,,,
200000,12,1.482,,,,,,,,,,,,,,,,,,,
200000,12,1.479,,,,,,,,,,,,,,,,,,,
200000,12,1.473,,,,,,,,,,,,,,,,,,,
200000,12,1.459,,,,,,,,,,,,,,,,,,,
200000,12,1.46,,,,,,,,,,,,,,,,,,,
200000,12,1.472,,,,,,,,,,,,,,,,,,,
200000,12,1.474,,,,,,,,,,,,,,,,,,,
200000,12,1.473,,,,,,,,,,,,,,,,,,,
200000,12,1.464,,,,,,,,,,,,,,,,,,,
200000,12,1.469,,,,,,,,,,,,,,,,,,,
200000,12,1.474,,,,,,,,,,,,,,,,,,,
200000,12,1.467,,,,,,,,,,,,,,,,,,,
200000,12,1.471,,,,,,,,,,,,,,,,,,,
200000,12,1.474,,,,,,,,,,,,,,,,,,,
200000,12,1.473,,,,,,,,,,,,,,,,,,,
200000,12,1.466,,,,,,,,,,,,,,,,,,,
200000,12,1.467,,,,,,,,,,,,,,,,,,,
200000,12,1.475,,,,,,,,,,,,,,,,,,,
200000,12,1.475,,,,,,,,,,,,,,,,,,,
200000,12,1.47,,,,,,,,,,,,,,,,,,,
200000,12,1.46,,,,,,,,,,,,,,,,,,,
200000,12,1.466,,,,,,,,,,,,,,,,,,,
200000,12,1.456,,,,,,,,,,,,,,,,,,,
200000,12,1.481,,,,,,,,,,,,,,,,,,,
200000,12,1.465,,,,,,,,,,,,,,,,,,,
200000,12,1.472,,,,,,,,,,,,,,,,,,,
200000,12,1.462,,,,,,,,,,,,,,,,,,,
200000,12,1.471,,,,,,,,,,,,,,,,,,,
200000,12,1.465,,,,,,,,,,,,,,,,,,,
200000,12,1.467,,,,,,,,,,,,,,,,,,,
200000,12,1.483,,,,,,,,,,,,,,,,,,,
200000,12,1.467,,,,,,,,,,,,,,,,,,,
200000,12,1.467,,,,,,,,,,,,,,,,,,,
200000,12,1.458,,,,,,,,,,,,,,,,,,,
200000,12,1.466,,,,,,,,,,,,,,,,,,,
2000000,12,12.301,,,,,,,,,,,,,,,,,,,
2000000,12,12.47,,,,,,,,,,,,,,,,,,,
2000000,12,12.483,,,,,,,,,,,,,,,,,,,
2000000,12,12.361,,,,,,,,,,,,,,,,,,,
2000000,12,13.912,,,,,,,,,,,,,,,,,,,
2000000,12,12.885,,,,,,,,,,,,,,,,,,,
2000000,12,12.966,,,,,,,,,,,,,,,,,,,
2000000,12,13.17,,,,,,,,,,,,,,,,,,,
2000000,12,13.772,,,,,,,,,,,,,,,,,,,
2000000,12,14.033,,,,,,,,,,,,,,,,,,,
2000000,12,13.269,,,,,,,,,,,,,,,,,,,
2000000,12,13.178,,,,,,,,,,,,,,,,,,,
2000000,12,13.046,,,,,,,,,,,,,,,,,,,
2000000,12,12.856,,,,,,,,,,,,,,,,,,,
2000000,12,12.718,,,,,,,,,,,,,,,,,,,
2000000,12,12.65,,,,,,,,,,,,,,,,,,,
2000000,12,12.687,,,,,,,,,,,,,,,,,,,
2000000,12,12.597,,,,,,,,,,,,,,,,,,,
2000000,12,12.653,,,,,,,,,,,,,,,,,,,
2000000,12,12.6,,,,,,,,,,,,,,,,,,,
2000000,12,12.596,,,,,,,,,,,,,,,,,,,
2000000,12,12.805,,,,,,,,,,,,,,,,,,,
2000000,12,12.701,,,,,,,,,,,,,,,,,,,
2000000,12,12.728,,,,,,,,,,,,,,,,,,,
2000000,12,12.616,,,,,,,,,,,,,,,,,,,
2000000,12,12.64,,,,,,,,,,,,,,,,,,,
2000000,12,12.739,,,,,,,,,,,,,,,,,,,
2000000,12,12.698,,,,,,,,,,,,,,,,,,,
2000000,12,12.732,,,,,,,,,,,,,,,,,,,
2000000,12,12.695,,,,,,,,,,,,,,,,,,,
2000000,12,12.7,,,,,,,,,,,,,,,,,,,
2000000,12,12.816,,,,,,,,,,,,,,,,,,,
2000000,12,12.559,,,,,,,,,,,,,,,,,,,
2000000,12,12.525,,,,,,,,,,,,,,,,,,,
2000000,12,12.702,,,,,,,,,,,,,,,,,,,
2000,13,0.046,,,,,,,,,,,,,,,,,,,
2000,13,0.044,,,,,,,,,,,,,,,,,,,
2000,13,0.044,,,,,,,,,,,,,,,,,,,
2000,13,0.043,,,,,,,,,,,,,,,,,,,
2000,13,0.044,,,,,,,,,,,,,,,,,,,
2000,13,0.044,,,,,,,,,,,,,,,,,,,
2000,13,0.043,,,,,,,,,,,,,,,,,,,
2000,13,0.043,,,,,,,,,,,,,,,,,,,
2000,13,0.042,,,,,,,,,,,,,,,,,,,
2000,13,0.044,,,,,,,,,,,,,,,,,,,
2000,13,0.044,,,,,,,,,,,,,,,,,,,
2000,13,0.046,,,,,,,,,,,,,,,,,,,
2000,13,0.043,,,,,,,,,,,,,,,,,,,
2000,13,0.044,,,,,,,,,,,,,,,,,,,
2000,13,0.043,,,,,,,,,,,,,,,,,,,
2000,13,0.044,,,,,,,,,,,,,,,,,,,
2000,13,0.043,,,,,,,,,,,,,,,,,,,
2000,13,0.045,,,,,,,,,,,,,,,,,,,
2000,13,0.043,,,,,,,,,,,,,,,,,,,
2000,13,0.043,,,,,,,,,,,,,,,,,,,
2000,13,0.044,,,,,,,,,,,,,,,,,,,
2000,13,0.074,,,,,,,,,,,,,,,,,,,
2000,13,0.045,,,,,,,,,,,,,,,,,,,
2000,13,0.044,,,,,,,,,,,,,,,,,,,
2000,13,0.045,,,,,,,,,,,,,,,,,,,
2000,13,0.044,,,,,,,,,,,,,,,,,,,
2000,13,0.046,,,,,,,,,,,,,,,,,,,
2000,13,0.042,,,,,,,,,,,,,,,,,,,
2000,13,0.045,,,,,,,,,,,,,,,,,,,
2000,13,0.044,,,,,,,,,,,,,,,,,,,
2000,13,0.045,,,,,,,,,,,,,,,,,,,
2000,13,0.043,,,,,,,,,,,,,,,,,,,
2000,13,0.045,,,,,,,,,,,,,,,,,,,
2000,13,0.043,,,,,,,,,,,,,,,,,,,
2000,13,0.045,,,,,,,,,,,,,,,,,,,
20000,13,0.171,,,,,,,,,,,,,,,,,,,
20000,13,0.17,,,,,,,,,,,,,,,,,,,
20000,13,0.172,,,,,,,,,,,,,,,,,,,
20000,13,0.171,,,,,,,,,,,,,,,,,,,
20000,13,0.172,,,,,,,,,,,,,,,,,,,
20000,13,0.171,,,,,,,,,,,,,,,,,,,
20000,13,0.171,,,,,,,,,,,,,,,,,,,
20000,13,0.171,,,,,,,,,,,,,,,,,,,
20000,13,0.172,,,,,,,,,,,,,,,,,,,
20000,13,0.171,,,,,,,,,,,,,,,,,,,
20000,13,0.169,,,,,,,,,,,,,,,,,,,
20000,13,0.172,,,,,,,,,,,,,,,,,,,
20000,13,0.169,,,,,,,,,,,,,,,,,,,
20000,13,0.171,,,,,,,,,,,,,,,,,,,
20000,13,0.17,,,,,,,,,,,,,,,,,,,
20000,13,0.172,,,,,,,,,,,,,,,,,,,
20000,13,0.17,,,,,,,,,,,,,,,,,,,
20000,13,0.169,,,,,,,,,,,,,,,,,,,
20000,13,0.169,,,,,,,,,,,,,,,,,,,
20000,13,0.17,,,,,,,,,,,,,,,,,,,
20000,13,0.168,,,,,,,,,,,,,,,,,,,
20000,13,0.169,,,,,,,,,,,,,,,,,,,
20000,13,0.168,,,,,,,,,,,,,,,,,,,
20000,13,0.17,,,,,,,,,,,,,,,,,,,
20000,13,0.168,,,,,,,,,,,,,,,,,,,
20000,13,0.169,,,,,,,,,,,,,,,,,,,
20000,13,0.169,,,,,,,,,,,,,,,,,,,
20000,13,0.171,,,,,,,,,,,,,,,,,,,
20000,13,0.169,,,,,,,,,,,,,,,,,,,
20000,13,0.172,,,,,,,,,,,,,,,,,,,
20000,13,0.169,,,,,,,,,,,,,,,,,,,
20000,13,0.168,,,,,,,,,,,,,,,,,,,
20000,13,0.169,,,,,,,,,,,,,,,,,,,
20000,13,0.17,,,,,,,,,,,,,,,,,,,
20000,13,0.169,,,,,,,,,,,,,,,,,,,
200000,13,1.374,,,,,,,,,,,,,,,,,,,
200000,13,1.383,,,,,,,,,,,,,,,,,,,
200000,13,1.376,,,,,,,,,,,,,,,,,,,
200000,13,1.375,,,,,,,,,,,,,,,,,,,
200000,13,1.381,,,,,,,,,,,,,,,,,,,
200000,13,1.381,,,,,,,,,,,,,,,,,,,
200000,13,1.432,,,,,,,,,,,,,,,,,,,
200000,13,1.547,,,,,,,,,,,,,,,,,,,
200000,13,1.398,,,,,,,,,,,,,,,,,,,
200000,13,1.376,,,,,,,,,,,,,,,,,,,
200000,13,1.399,,,,,,,,,,,,,,,,,,,
200000,13,1.372,,,,,,,,,,,,,,,,,,,
200000,13,1.38,,,,,,,,,,,,,,,,,,,
200000,13,1.374,,,,,,,,,,,,,,,,,,,
200000,13,1.37,,,,,,,,,,,,,,,,,,,
200000,13,1.394,,,,,,,,,,,,,,,,,,,
200000,13,1.376,,,,,,,,,,,,,,,,,,,
200000,13,1.367,,,,,,,,,,,,,,,,,,,
200000,13,1.378,,,,,,,,,,,,,,,,,,,
200000,13,1.375,,,,,,,,,,,,,,,,,,,
200000,13,1.374,,,,,,,,,,,,,,,,,,,
200000,13,1.377,,,,,,,,,,,,,,,,,,,
200000,13,1.369,,,,,,,,,,,,,,,,,,,
200000,13,1.382,,,,,,,,,,,,,,,,,,,
200000,13,1.376,,,,,,,,,,,,,,,,,,,
200000,13,1.378,,,,,,,,,,,,,,,,,,,
200000,13,1.363,,,,,,,,,,,,,,,,,,,
200000,13,1.37,,,,,,,,,,,,,,,,,,,
200000,13,1.367,,,,,,,,,,,,,,,,,,,
200000,13,1.392,,,,,,,,,,,,,,,,,,,
200000,13,1.377,,,,,,,,,,,,,,,,,,,
200000,13,1.373,,,,,,,,,,,,,,,,,,,
200000,13,1.377,,,,,,,,,,,,,,,,,,,
200000,13,1.37,,,,,,,,,,,,,,,,,,,
200000,13,1.389,,,,,,,,,,,,,,,,,,,
2000000,13,12.38,,,,,,,,,,,,,,,,,,,
2000000,13,12.451,,,,,,,,,,,,,,,,,,,
2000000,13,12.63,,,,,,,,,,,,,,,,,,,
2000000,13,12.555,,,,,,,,,,,,,,,,,,,
2000000,13,12.429,,,,,,,,,,,,,,,,,,,
2000000,13,12.449,,,,,,,,,,,,,,,,,,,
2000000,13,12.465,,,,,,,,,,,,,,,,,,,
2000000,13,12.515,,,,,,,,,,,,,,,,,,,
2000000,13,12.573,,,,,,,,,,,,,,,,,,,
2000000,13,12.545,,,,,,,,,,,,,,,,,,,
2000000,13,12.574,,,,,,,,,,,,,,,,,,,
2000000,13,12.597,,,,,,,,,,,,,,,,,,,
2000000,13,12.948,,,,,,,,,,,,,,,,,,,
2000000,13,13.021,,,,,,,,,,,,,,,,,,,
2000000,13,12.625,,,,,,,,,,,,,,,,,,,
2000000,13,12.67,,,,,,,,,,,,,,,,,,,
2000000,13,12.737,,,,,,,,,,,,,,,,,,,
2000000,13,12.653,,,,,,,,,,,,,,,,,,,
2000000,13,12.723,,,,,,,,,,,,,,,,,,,
2000000,13,12.712,,,,,,,,,,,,,,,,,,,
2000000,13,12.717,,,,,,,,,,,,,,,,,,,
2000000,13,12.636,,,,,,,,,,,,,,,,,,,
2000000,13,12.589,,,,,,,,,,,,,,,,,,,
2000000,13,12.662,,,,,,,,,,,,,,,,,,,
2000000,13,12.776,,,,,,,,,,,,,,,,,,,
2000000,13,12.638,,,,,,,,,,,,,,,,,,,
2000000,13,12.651,,,,,,,,,,,,,,,,,,,
2000000,13,12.612,,,,,,,,,,,,,,,,,,,
2000000,13,12.697,,,,,,,,,,,,,,,,,,,
2000000,13,12.676,,,,,,,,,,,,,,,,,,,
2000000,13,12.748,,,,,,,,,,,,,,,,,,,
2000000,13,12.862,,,,,,,,,,,,,,,,,,,
2000000,13,12.687,,,,,,,,,,,,,,,,,,,
2000000,13,12.654,,,,,,,,,,,,,,,,,,,
2000000,13,12.754,,,,,,,,,,,,,,,,,,,
2000,14,0.045,,,,,,,,,,,,,,,,,,,
2000,14,0.044,,,,,,,,,,,,,,,,,,,
2000,14,0.044,,,,,,,,,,,,,,,,,,,
2000,14,0.045,,,,,,,,,,,,,,,,,,,
2000,14,0.045,,,,,,,,,,,,,,,,,,,
2000,14,0.044,,,,,,,,,,,,,,,,,,,
2000,14,0.045,,,,,,,,,,,,,,,,,,,
2000,14,0.044,,,,,,,,,,,,,,,,,,,
2000,14,0.045,,,,,,,,,,,,,,,,,,,
2000,14,0.044,,,,,,,,,,,,,,,,,,,
2000,14,0.046,,,,,,,,,,,,,,,,,,,
2000,14,0.045,,,,,,,,,,,,,,,,,,,
2000,14,0.046,,,,,,,,,,,,,,,,,,,
2000,14,0.045,,,,,,,,,,,,,,,,,,,
2000,14,0.046,,,,,,,,,,,,,,,,,,,
2000,14,0.044,,,,,,,,,,,,,,,,,,,
2000,14,0.045,,,,,,,,,,,,,,,,,,,
2000,14,0.044,,,,,,,,,,,,,,,,,,,
2000,14,0.045,,,,,,,,,,,,,,,,,,,
2000,14,0.045,,,,,,,,,,,,,,,,,,,
2000,14,0.044,,,,,,,,,,,,,,,,,,,
2000,14,0.048,,,,,,,,,,,,,,,,,,,
2000,14,0.045,,,,,,,,,,,,,,,,,,,
2000,14,0.044,,,,,,,,,,,,,,,,,,,
2000,14,0.044,,,,,,,,,,,,,,,,,,,
2000,14,0.046,,,,,,,,,,,,,,,,,,,
2000,14,0.045,,,,,,,,,,,,,,,,,,,
2000,14,0.044,,,,,,,,,,,,,,,,,,,
2000,14,0.045,,,,,,,,,,,,,,,,,,,
2000,14,0.047,,,,,,,,,,,,,,,,,,,
2000,14,0.045,,,,,,,,,,,,,,,,,,,
2000,14,0.045,,,,,,,,,,,,,,,,,,,
2000,14,0.046,,,,,,,,,,,,,,,,,,,
2000,14,0.046,,,,,,,,,,,,,,,,,,,
2000,14,0.045,,,,,,,,,,,,,,,,,,,
20000,14,0.167,,,,,,,,,,,,,,,,,,,
20000,14,0.164,,,,,,,,,,,,,,,,,,,
20000,14,0.166,,,,,,,,,,,,,,,,,,,
20000,14,0.165,,,,,,,,,,,,,,,,,,,
20000,14,0.167,,,,,,,,,,,,,,,,,,,
20000,14,0.164,,,,,,,,,,,,,,,,,,,
20000,14,0.162,,,,,,,,,,,,,,,,,,,
20000,14,0.164,,,,,,,,,,,,,,,,,,,
20000,14,0.165,,,,,,,,,,,,,,,,,,,
20000,14,0.166,,,,,,,,,,,,,,,,,,,
20000,14,0.165,,,,,,,,,,,,,,,,,,,
20000,14,0.166,,,,,,,,,,,,,,,,,,,
20000,14,0.167,,,,,,,,,,,,,,,,,,,
20000,14,0.166,,,,,,,,,,,,,,,,,,,
20000,14,0.167,,,,,,,,,,,,,,,,,,,
20000,14,0.162,,,,,,,,,,,,,,,,,,,
20000,14,0.165,,,,,,,,,,,,,,,,,,,
20000,14,0.164,,,,,,,,,,,,,,,,,,,
20000,14,0.166,,,,,,,,,,,,,,,,,,,
20000,14,0.167,,,,,,,,,,,,,,,,,,,
20000,14,0.164,,,,,,,,,,,,,,,,,,,
20000,14,0.166,,,,,,,,,,,,,,,,,,,
20000,14,0.166,,,,,,,,,,,,,,,,,,,
20000,14,0.165,,,,,,,,,,,,,,,,,,,
20000,14,0.164,,,,,,,,,,,,,,,,,,,
20000,14,0.163,,,,,,,,,,,,,,,,,,,
20000,14,0.165,,,,,,,,,,,,,,,,,,,
20000,14,0.165,,,,,,,,,,,,,,,,,,,
20000,14,0.163,,,,,,,,,,,,,,,,,,,
20000,14,0.165,,,,,,,,,,,,,,,,,,,
20000,14,0.166,,,,,,,,,,,,,,,,,,,
20000,14,0.162,,,,,,,,,,,,,,,,,,,
20000,14,0.164,,,,,,,,,,,,,,,,,,,
20000,14,0.163,,,,,,,,,,,,,,,,,,,
20000,14,0.164,,,,,,,,,,,,,,,,,,,
200000,14,1.298,,,,,,,,,,,,,,,,,,,
200000,14,1.308,,,,,,,,,,,,,,,,,,,
200000,14,1.307,,,,,,,,,,,,,,,,,,,
200000,14,1.3,,,,,,,,,,,,,,,,,,,
200000,14,1.299,,,,,,,,,,,,,,,,,,,
200000,14,1.306,,,,,,,,,,,,,,,,,,,
200000,14,1.299,,,,,,,,,,,,,,,,,,,
200000,14,1.309,,,,,,,,,,,,,,,,,,,
200000,14,1.294,,,,,,,,,,,,,,,,,,,
200000,14,1.304,,,,,,,,,,,,,,,,,,,
200000,14,1.302,,,,,,,,,,,,,,,,,,,
200000,14,1.298,,,,,,,,,,,,,,,,,,,
200000,14,1.307,,,,,,,,,,,,,,,,,,,
200000,14,1.302,,,,,,,,,,,,,,,,,,,
200000,14,1.298,,,,,,,,,,,,,,,,,,,
200000,14,1.304,,,,,,,,,,,,,,,,,,,
200000,14,1.308,,,,,,,,,,,,,,,,,,,
200000,14,1.305,,,,,,,,,,,,,,,,,,,
200000,14,1.301,,,,,,,,,,,,,,,,,,,
200000,14,1.3,,,,,,,,,,,,,,,,,,,
200000,14,1.311,,,,,,,,,,,,,,,,,,,
200000,14,1.306,,,,,,,,,,,,,,,,,,,
200000,14,1.306,,,,,,,,,,,,,,,,,,,
200000,14,1.299,,,,,,,,,,,,,,,,,,,
200000,14,1.305,,,,,,,,,,,,,,,,,,,
200000,14,1.303,,,,,,,,,,,,,,,,,,,
200000,14,1.311,,,,,,,,,,,,,,,,,,,
200000,14,1.299,,,,,,,,,,,,,,,,,,,
200000,14,1.305,,,,,,,,,,,,,,,,,,,
200000,14,1.306,,,,,,,,,,,,,,,,,,,
200000,14,1.301,,,,,,,,,,,,,,,,,,,
200000,14,1.304,,,,,,,,,,,,,,,,,,,
200000,14,1.303,,,,,,,,,,,,,,,,,,,
200000,14,1.305,,,,,,,,,,,,,,,,,,,
200000,14,1.302,,,,,,,,,,,,,,,,,,,
2000000,14,12.386,,,,,,,,,,,,,,,,,,,
2000000,14,12.369,,,,,,,,,,,,,,,,,,,
2000000,14,12.376,,,,,,,,,,,,,,,,,,,
2000000,14,12.371,,,,,,,,,,,,,,,,,,,
2000000,14,12.415,,,,,,,,,,,,,,,,,,,
2000000,14,12.461,,,,,,,,,,,,,,,,,,,
2000000,14,12.555,,,,,,,,,,,,,,,,,,,
2000000,14,12.556,,,,,,,,,,,,,,,,,,,
2000000,14,12.608,,,,,,,,,,,,,,,,,,,
2000000,14,12.714,,,,,,,,,,,,,,,,,,,
2000000,14,12.74,,,,,,,,,,,,,,,,,,,
2000000,14,12.572,,,,,,,,,,,,,,,,,,,
2000000,14,12.571,,,,,,,,,,,,,,,,,,,
2000000,14,12.491,,,,,,,,,,,,,,,,,,,
2000000,14,12.622,,,,,,,,,,,,,,,,,,,
2000000,14,12.597,,,,,,,,,,,,,,,,,,,
2000000,14,12.62,,,,,,,,,,,,,,,,,,,
2000000,14,12.736,,,,,,,,,,,,,,,,,,,
2000000,14,12.674,,,,,,,,,,,,,,,,,,,
2000000,14,12.61,,,,,,,,,,,,,,,,,,,
2000000,14,12.67,,,,,,,,,,,,,,,,,,,
2000000,14,12.692,,,,,,,,,,,,,,,,,,,
2000000,14,12.601,,,,,,,,,,,,,,,,,,,
2000000,14,12.659,,,,,,,,,,,,,,,,,,,
2000000,14,12.62,,,,,,,,,,,,,,,,,,,
2000000,14,12.619,,,,,,,,,,,,,,,,,,,
2000000,14,12.729,,,,,,,,,,,,,,,,,,,
2000000,14,12.736,,,,,,,,,,,,,,,,,,,
2000000,14,12.648,,,,,,,,,,,,,,,,,,,
2000000,14,12.674,,,,,,,,,,,,,,,,,,,
2000000,14,12.558,,,,,,,,,,,,,,,,,,,
2000000,14,12.822,,,,,,,,,,,,,,,,,,,
2000000,14,12.661,,,,,,,,,,,,,,,,,,,
2000000,14,12.556,,,,,,,,,,,,,,,,,,,
2000000,14,12.686,,,,,,,,,,,,,,,,,,,
2000,15,0.047,,,,,,,,,,,,,,,,,,,
2000,15,0.045,,,,,,,,,,,,,,,,,,,
2000,15,0.047,,,,,,,,,,,,,,,,,,,
2000,15,0.047,,,,,,,,,,,,,,,,,,,
2000,15,0.046,,,,,,,,,,,,,,,,,,,
2000,15,0.045,,,,,,,,,,,,,,,,,,,
2000,15,0.045,,,,,,,,,,,,,,,,,,,
2000,15,0.045,,,,,,,,,,,,,,,,,,,
2000,15,0.048,,,,,,,,,,,,,,,,,,,
2000,15,0.046,,,,,,,,,,,,,,,,,,,
2000,15,0.046,,,,,,,,,,,,,,,,,,,
2000,15,0.046,,,,,,,,,,,,,,,,,,,
2000,15,0.047,,,,,,,,,,,,,,,,,,,
2000,15,0.046,,,,,,,,,,,,,,,,,,,
2000,15,0.047,,,,,,,,,,,,,,,,,,,
2000,15,0.046,,,,,,,,,,,,,,,,,,,
2000,15,0.045,,,,,,,,,,,,,,,,,,,
2000,15,0.047,,,,,,,,,,,,,,,,,,,
2000,15,0.047,,,,,,,,,,,,,,,,,,,
2000,15,0.046,,,,,,,,,,,,,,,,,,,
2000,15,0.046,,,,,,,,,,,,,,,,,,,
2000,15,0.046,,,,,,,,,,,,,,,,,,,
2000,15,0.046,,,,,,,,,,,,,,,,,,,
2000,15,0.047,,,,,,,,,,,,,,,,,,,
2000,15,0.047,,,,,,,,,,,,,,,,,,,
2000,15,0.046,,,,,,,,,,,,,,,,,,,
2000,15,0.047,,,,,,,,,,,,,,,,,,,
2000,15,0.047,,,,,,,,,,,,,,,,,,,
2000,15,0.046,,,,,,,,,,,,,,,,,,,
2000,15,0.047,,,,,,,,,,,,,,,,,,,
2000,15,0.047,,,,,,,,,,,,,,,,,,,
2000,15,0.047,,,,,,,,,,,,,,,,,,,
2000,15,0.046,,,,,,,,,,,,,,,,,,,
2000,15,0.049,,,,,,,,,,,,,,,,,,,
2000,15,0.046,,,,,,,,,,,,,,,,,,,
20000,15,0.168,,,,,,,,,,,,,,,,,,,
20000,15,0.168,,,,,,,,,,,,,,,,,,,
20000,15,0.163,,,,,,,,,,,,,,,,,,,
20000,15,0.162,,,,,,,,,,,,,,,,,,,
20000,15,0.162,,,,,,,,,,,,,,,,,,,
20000,15,0.161,,,,,,,,,,,,,,,,,,,
20000,15,0.165,,,,,,,,,,,,,,,,,,,
20000,15,0.161,,,,,,,,,,,,,,,,,,,
20000,15,0.161,,,,,,,,,,,,,,,,,,,
20000,15,0.165,,,,,,,,,,,,,,,,,,,
20000,15,0.162,,,,,,,,,,,,,,,,,,,
20000,15,0.162,,,,,,,,,,,,,,,,,,,
20000,15,0.164,,,,,,,,,,,,,,,,,,,
20000,15,0.161,,,,,,,,,,,,,,,,,,,
20000,15,0.16,,,,,,,,,,,,,,,,,,,
20000,15,0.164,,,,,,,,,,,,,,,,,,,
20000,15,0.161,,,,,,,,,,,,,,,,,,,
20000,15,0.16,,,,,,,,,,,,,,,,,,,
20000,15,0.164,,,,,,,,,,,,,,,,,,,
20000,15,0.163,,,,,,,,,,,,,,,,,,,
20000,15,0.161,,,,,,,,,,,,,,,,,,,
20000,15,0.162,,,,,,,,,,,,,,,,,,,
20000,15,0.162,,,,,,,,,,,,,,,,,,,
20000,15,0.163,,,,,,,,,,,,,,,,,,,
20000,15,0.161,,,,,,,,,,,,,,,,,,,
20000,15,0.161,,,,,,,,,,,,,,,,,,,
20000,15,0.16,,,,,,,,,,,,,,,,,,,
20000,15,0.164,,,,,,,,,,,,,,,,,,,
20000,15,0.161,,,,,,,,,,,,,,,,,,,
20000,15,0.161,,,,,,,,,,,,,,,,,,,
20000,15,0.164,,,,,,,,,,,,,,,,,,,
20000,15,0.162,,,,,,,,,,,,,,,,,,,
20000,15,0.162,,,,,,,,,,,,,,,,,,,
20000,15,0.162,,,,,,,,,,,,,,,,,,,
20000,15,0.161,,,,,,,,,,,,,,,,,,,
200000,15,1.296,,,,,,,,,,,,,,,,,,,
200000,15,1.246,,,,,,,,,,,,,,,,,,,
200000,15,1.24,,,,,,,,,,,,,,,,,,,
200000,15,1.231,,,,,,,,,,,,,,,,,,,
200000,15,1.327,,,,,,,,,,,,,,,,,,,
200000,15,1.29,,,,,,,,,,,,,,,,,,,
200000,15,1.249,,,,,,,,,,,,,,,,,,,
200000,15,1.244,,,,,,,,,,,,,,,,,,,
200000,15,1.233,,,,,,,,,,,,,,,,,,,
200000,15,1.248,,,,,,,,,,,,,,,,,,,
200000,15,1.282,,,,,,,,,,,,,,,,,,,
200000,15,1.238,,,,,,,,,,,,,,,,,,,
200000,15,1.24,,,,,,,,,,,,,,,,,,,
200000,15,1.231,,,,,,,,,,,,,,,,,,,
200000,15,1.239,,,,,,,,,,,,,,,,,,,
200000,15,1.25,,,,,,,,,,,,,,,,,,,
200000,15,1.237,,,,,,,,,,,,,,,,,,,
200000,15,1.24,,,,,,,,,,,,,,,,,,,
200000,15,1.231,,,,,,,,,,,,,,,,,,,
200000,15,1.242,,,,,,,,,,,,,,,,,,,
200000,15,1.236,,,,,,,,,,,,,,,,,,,
200000,15,1.238,,,,,,,,,,,,,,,,,,,
200000,15,1.232,,,,,,,,,,,,,,,,,,,
200000,15,1.233,,,,,,,,,,,,,,,,,,,
200000,15,1.233,,,,,,,,,,,,,,,,,,,
200000,15,1.233,,,,,,,,,,,,,,,,,,,
200000,15,1.248,,,,,,,,,,,,,,,,,,,
200000,15,1.234,,,,,,,,,,,,,,,,,,,
200000,15,1.236,,,,,,,,,,,,,,,,,,,
200000,15,1.23,,,,,,,,,,,,,,,,,,,
200000,15,1.244,,,,,,,,,,,,,,,,,,,
200000,15,1.279,,,,,,,,,,,,,,,,,,,
200000,15,1.246,,,,,,,,,,,,,,,,,,,
200000,15,1.243,,,,,,,,,,,,,,,,,,,
200000,15,1.235,,,,,,,,,,,,,,,,,,,
2000000,15,12.249,,,,,,,,,,,,,,,,,,,
2000000,15,12.32,,,,,,,,,,,,,,,,,,,
2000000,15,12.473,,,,,,,,,,,,,,,,,,,
2000000,15,12.454,,,,,,,,,,,,,,,,,,,
2000000,15,12.529,,,,,,,,,,,,,,,,,,,
2000000,15,12.535,,,,,,,,,,,,,,,,,,,
2000000,15,12.45,,,,,,,,,,,,,,,,,,,
2000000,15,12.552,,,,,,,,,,,,,,,,,,,
2000000,15,12.513,,,,,,,,,,,,,,,,,,,
2000000,15,12.553,,,,,,,,,,,,,,,,,,,
2000000,15,12.56,,,,,,,,,,,,,,,,,,,
2000000,15,12.546,,,,,,,,,,,,,,,,,,,
2000000,15,12.524,,,,,,,,,,,,,,,,,,,
2000000,15,12.55,,,,,,,,,,,,,,,,,,,
2000000,15,12.497,,,,,,,,,,,,,,,,,,,
2000000,15,12.586,,,,,,,,,,,,,,,,,,,
2000000,15,12.535,,,,,,,,,,,,,,,,,,,
2000000,15,12.555,,,,,,,,,,,,,,,,,,,
2000000,15,12.668,,,,,,,,,,,,,,,,,,,
2000000,15,12.947,,,,,,,,,,,,,,,,,,,
2000000,15,12.576,,,,,,,,,,,,,,,,,,,
2000000,15,12.629,,,,,,,,,,,,,,,,,,,
2000000,15,12.576,,,,,,,,,,,,,,,,,,,
2000000,15,12.616,,,,,,,,,,,,,,,,,,,
2000000,15,12.57,,,,,,,,,,,,,,,,,,,
2000000,15,12.557,,,,,,,,,,,,,,,,,,,
2000000,15,12.458,,,,,,,,,,,,,,,,,,,
2000000,15,12.584,,,,,,,,,,,,,,,,,,,
2000000,15,12.574,,,,,,,,,,,,,,,,,,,
2000000,15,12.509,,,,,,,,,,,,,,,,,,,
2000000,15,12.463,,,,,,,,,,,,,,,,,,,
2000000,15,12.629,,,,,,,,,,,,,,,,,,,
2000000,15,12.506,,,,,,,,,,,,,,,,,,,
2000000,15,12.577,,,,,,,,,,,,,,,,,,,
2000000,15,12.479,,,,,,,,,,,,,,,,,,,
2000,16,0.047,,,,,,,,,,,,,,,,,,,
2000,16,0.048,,,,,,,,,,,,,,,,,,,
2000,16,0.047,,,,,,,,,,,,,,,,,,,
2000,16,0.047,,,,,,,,,,,,,,,,,,,
2000,16,0.048,,,,,,,,,,,,,,,,,,,
2000,16,0.047,,,,,,,,,,,,,,,,,,,
2000,16,0.047,,,,,,,,,,,,,,,,,,,
2000,16,0.049,,,,,,,,,,,,,,,,,,,
2000,16,0.046,,,,,,,,,,,,,,,,,,,
2000,16,0.048,,,,,,,,,,,,,,,,,,,
2000,16,0.048,,,,,,,,,,,,,,,,,,,
2000,16,0.047,,,,,,,,,,,,,,,,,,,
2000,16,0.047,,,,,,,,,,,,,,,,,,,
2000,16,0.048,,,,,,,,,,,,,,,,,,,
2000,16,0.048,,,,,,,,,,,,,,,,,,,
2000,16,0.047,,,,,,,,,,,,,,,,,,,
2000,16,0.049,,,,,,,,,,,,,,,,,,,
2000,16,0.047,,,,,,,,,,,,,,,,,,,
2000,16,0.048,,,,,,,,,,,,,,,,,,,
2000,16,0.049,,,,,,,,,,,,,,,,,,,
2000,16,0.048,,,,,,,,,,,,,,,,,,,
2000,16,0.049,,,,,,,,,,,,,,,,,,,
2000,16,0.048,,,,,,,,,,,,,,,,,,,
2000,16,0.049,,,,,,,,,,,,,,,,,,,
2000,16,0.047,,,,,,,,,,,,,,,,,,,
2000,16,0.086,,,,,,,,,,,,,,,,,,,
2000,16,0.047,,,,,,,,,,,,,,,,,,,
2000,16,0.047,,,,,,,,,,,,,,,,,,,
2000,16,0.048,,,,,,,,,,,,,,,,,,,
2000,16,0.048,,,,,,,,,,,,,,,,,,,
2000,16,0.049,,,,,,,,,,,,,,,,,,,
2000,16,0.049,,,,,,,,,,,,,,,,,,,
2000,16,0.048,,,,,,,,,,,,,,,,,,,
2000,16,0.048,,,,,,,,,,,,,,,,,,,
2000,16,0.049,,,,,,,,,,,,,,,,,,,
20000,16,0.159,,,,,,,,,,,,,,,,,,,
20000,16,0.159,,,,,,,,,,,,,,,,,,,
20000,16,0.161,,,,,,,,,,,,,,,,,,,
20000,16,0.167,,,,,,,,,,,,,,,,,,,
20000,16,0.167,,,,,,,,,,,,,,,,,,,
20000,16,0.171,,,,,,,,,,,,,,,,,,,
20000,16,0.171,,,,,,,,,,,,,,,,,,,
20000,16,0.16,,,,,,,,,,,,,,,,,,,
20000,16,0.161,,,,,,,,,,,,,,,,,,,
20000,16,0.161,,,,,,,,,,,,,,,,,,,
20000,16,0.162,,,,,,,,,,,,,,,,,,,
20000,16,0.16,,,,,,,,,,,,,,,,,,,
20000,16,0.159,,,,,,,,,,,,,,,,,,,
20000,16,0.16,,,,,,,,,,,,,,,,,,,
20000,16,0.161,,,,,,,,,,,,,,,,,,,
20000,16,0.158,,,,,,,,,,,,,,,,,,,
20000,16,0.159,,,,,,,,,,,,,,,,,,,
20000,16,0.162,,,,,,,,,,,,,,,,,,,
20000,16,0.161,,,,,,,,,,,,,,,,,,,
20000,16,0.161,,,,,,,,,,,,,,,,,,,
20000,16,0.16,,,,,,,,,,,,,,,,,,,
20000,16,0.162,,,,,,,,,,,,,,,,,,,
20000,16,0.16,,,,,,,,,,,,,,,,,,,
20000,16,0.159,,,,,,,,,,,,,,,,,,,
20000,16,0.159,,,,,,,,,,,,,,,,,,,
20000,16,0.16,,,,,,,,,,,,,,,,,,,
20000,16,0.162,,,,,,,,,,,,,,,,,,,
20000,16,0.159,,,,,,,,,,,,,,,,,,,
20000,16,0.161,,,,,,,,,,,,,,,,,,,
20000,16,0.159,,,,,,,,,,,,,,,,,,,
20000,16,0.159,,,,,,,,,,,,,,,,,,,
20000,16,0.16,,,,,,,,,,,,,,,,,,,
20000,16,0.159,,,,,,,,,,,,,,,,,,,
20000,16,0.158,,,,,,,,,,,,,,,,,,,
20000,16,0.162,,,,,,,,,,,,,,,,,,,
200000,16,1.221,,,,,,,,,,,,,,,,,,,
200000,16,1.258,,,,,,,,,,,,,,,,,,,
200000,16,1.225,,,,,,,,,,,,,,,,,,,
200000,16,1.245,,,,,,,,,,,,,,,,,,,
200000,16,1.221,,,,,,,,,,,,,,,,,,,
200000,16,1.221,,,,,,,,,,,,,,,,,,,
200000,16,1.335,,,,,,,,,,,,,,,,,,,
200000,16,1.237,,,,,,,,,,,,,,,,,,,
200000,16,1.23,,,,,,,,,,,,,,,,,,,
200000,16,1.224,,,,,,,,,,,,,,,,,,,
200000,16,1.225,,,,,,,,,,,,,,,,,,,
200000,16,1.397,,,,,,,,,,,,,,,,,,,
200000,16,1.234,,,,,,,,,,,,,,,,,,,
200000,16,1.233,,,,,,,,,,,,,,,,,,,
200000,16,1.233,,,,,,,,,,,,,,,,,,,
200000,16,1.217,,,,,,,,,,,,,,,,,,,
200000,16,1.35,,,,,,,,,,,,,,,,,,,
200000,16,1.225,,,,,,,,,,,,,,,,,,,
200000,16,1.216,,,,,,,,,,,,,,,,,,,
200000,16,1.234,,,,,,,,,,,,,,,,,,,
200000,16,1.266,,,,,,,,,,,,,,,,,,,
200000,16,1.335,,,,,,,,,,,,,,,,,,,
200000,16,1.217,,,,,,,,,,,,,,,,,,,
200000,16,1.228,,,,,,,,,,,,,,,,,,,
200000,16,1.231,,,,,,,,,,,,,,,,,,,
200000,16,1.222,,,,,,,,,,,,,,,,,,,
200000,16,1.274,,,,,,,,,,,,,,,,,,,
200000,16,1.218,,,,,,,,,,,,,,,,,,,
200000,16,1.238,,,,,,,,,,,,,,,,,,,
200000,16,1.223,,,,,,,,,,,,,,,,,,,
200000,16,1.223,,,,,,,,,,,,,,,,,,,
200000,16,1.245,,,,,,,,,,,,,,,,,,,
200000,16,1.219,,,,,,,,,,,,,,,,,,,
200000,16,1.23,,,,,,,,,,,,,,,,,,,
200000,16,1.247,,,,,,,,,,,,,,,,,,,
2000000,16,12.195,,,,,,,,,,,,,,,,,,,
2000000,16,12.325,,,,,,,,,,,,,,,,,,,
2000000,16,12.442,,,,,,,,,,,,,,,,,,,
2000000,16,12.486,,,,,,,,,,,,,,,,,,,
2000000,16,12.453,,,,,,,,,,,,,,,,,,,
2000000,16,12.473,,,,,,,,,,,,,,,,,,,
2000000,16,12.432,,,,,,,,,,,,,,,,,,,
2000000,16,12.537,,,,,,,,,,,,,,,,,,,
2000000,16,12.523,,,,,,,,,,,,,,,,,,,
2000000,16,12.498,,,,,,,,,,,,,,,,,,,
2000000,16,12.456,,,,,,,,,,,,,,,,,,,
2000000,16,12.513,,,,,,,,,,,,,,,,,,,
2000000,16,12.428,,,,,,,,,,,,,,,,,,,
2000000,16,12.491,,,,,,,,,,,,,,,,,,,
2000000,16,12.582,,,,,,,,,,,,,,,,,,,
2000000,16,12.491,,,,,,,,,,,,,,,,,,,
2000000,16,12.407,,,,,,,,,,,,,,,,,,,
2000000,16,12.46,,,,,,,,,,,,,,,,,,,
2000000,16,12.55,,,,,,,,,,,,,,,,,,,
2000000,16,12.583,,,,,,,,,,,,,,,,,,,
2000000,16,12.485,,,,,,,,,,,,,,,,,,,
2000000,16,12.355,,,,,,,,,,,,,,,,,,,
2000000,16,12.376,,,,,,,,,,,,,,,,,,,
2000000,16,12.407,,,,,,,,,,,,,,,,,,,
2000000,16,12.521,,,,,,,,,,,,,,,,,,,
2000000,16,14.069,,,,,,,,,,,,,,,,,,,
2000000,16,14.986,,,,,,,,,,,,,,,,,,,
2000000,16,14.103,,,,,,,,,,,,,,,,,,,
2000000,16,14.61,,,,,,,,,,,,,,,,,,,
2000000,16,13.069,,,,,,,,,,,,,,,,,,,
2000000,16,12.979,,,,,,,,,,,,,,,,,,,
2000000,16,12.994,,,,,,,,,,,,,,,,,,,
2000000,16,12.926,,,,,,,,,,,,,,,,,,,
2000000,16,12.871,,,,,,,,,,,,,,,,,,,
2000000,16,12.968,,,,,,,,,,,,,,,,,,,
